Case_ID,Scope,Tier,Stage,Member_ID,Geo,Status,Pre_Max,Contributors_N,Required_N
FP001,TH,T1,A_MEMBER_GEO,FP001,TH,OK,87.0000000000,1,1
FP001,TH,T1,C_SCOPE,,TH,OK,100.0000000000,1,1
FP001,TH,T1,D_POST_SA,,TH,OK,92.4354306404,1,1
FP002,TH,T1,A_MEMBER_GEO,FP002,TH,OK,100.0000000000,1,1
FP002,TH,T1,C_SCOPE,,TH,OK,100.0000000000,1,1
FP002,TH,T1,D_POST_SA,,TH,OK,95.3166736754,1,1
FP003,TH,T1,C_SCOPE,,TH,NO_SIGNAL,0.0000000000,0,1
FP003,TH,T1,D_POST_SA,,TH,NO_SIGNAL,0.0000000000,0,1
FP004,TH,T1,C_SCOPE,,TH,NO_SIGNAL,0.0000000000,0,1
FP004,TH,T1,D_POST_SA,,TH,NO_SIGNAL,0.0000000000,0,1
FP005,TH,T1,C_SCOPE,,TH,NO_SIGNAL,0.0000000000,0,1
FP005,TH,T1,D_POST_SA,,TH,NO_SIGNAL,0.0000000000,0,1
FP006,TH,T1,C_SCOPE,,TH,NO_SIGNAL,0.0000000000,0,1
FP006,TH,T1,D_POST_SA,,TH,NO_SIGNAL,0.0000000000,0,1
FP007,TH,T1,C_SCOPE,,TH,NO_SIGNAL,0.0000000000,0,1
FP007,TH,T1,D_POST_SA,,TH,NO_SIGNAL,0.0000000000,0,1
FP008,TH,T1,C_SCOPE,,TH,NO_SIGNAL,0.0000000000,0,1
FP008,TH,T1,D_POST_SA,,TH,NO_SIGNAL,0.0000000000,0,1
FP009,TH,T1,C_SCOPE,,TH,NO_SIGNAL,0.0000000000,0,1
FP009,TH,T1,D_POST_SA,,TH,NO_SIGNAL,0.0000000000,0,1
FP010,TH,T1,C_SCOPE,,TH,NO_SIGNAL,0.0000000000,0,1
FP010,TH,T1,D_POST_SA,,TH,NO_SIGNAL,0.0000000000,0,1
FP011,TH,T1,C_SCOPE,,TH,NO_SIGNAL,0.0000000000,0,1
FP011,TH,T1,D_POST_SA,,TH,NO_SIGNAL,0.0000000000,0,1
FP012,TH,T1,C_SCOPE,,TH,NO_SIGNAL,0.0000000000,0,1
FP012,TH,T1,D_POST_SA,,TH,NO_SIGNAL,0.0000000000,0,1
FP013,TH,T1,C_SCOPE,,TH,NO_SIGNAL,0.0000000000,0,1
FP013,TH,T1,D_POST_SA,,TH,NO_SIGNAL,0.0000000000,0,1
FP014,TH,T1,C_SCOPE,,TH,NO_SIGNAL,0.0000000000,0,1
FP014,TH,T1,D_POST_SA,,TH,NO_SIGNAL,0.0000000000,0,1
FU001,TH,T1,A_MEMBER_GEO,FU001,TH,OK,100.0000000000,1,1
FU001,TH,T1,C_SCOPE,,TH,OK,100.0000000000,1,1
FU001,TH,T1,D_POST_SA,,TH,OK,87.5918405900,1,1
FU002,TH,T1,A_MEMBER_GEO,FU002,TH,OK,82.0000000000,1,1
FU002,TH,T1,C_SCOPE,,TH,OK,100.0000000000,1,1
FU002,TH,T1,D_POST_SA,,TH,OK,97.4509327478,1,1
FU003,TH,T1,C_SCOPE,,TH,NO_SIGNAL,0.0000000000,0,1
FU003,TH,T1,D_POST_SA,,TH,NO_SIGNAL,0.0000000000,0,1
FU004,TH,T1,A_MEMBER_GEO,FU004,TH,OK,100.0000000000,1,1
FU004,TH,T1,C_SCOPE,,TH,OK,100.0000000000,1,1
FU004,TH,T1,D_POST_SA,,TH,OK,96.7723038592,1,1
FU005,TH,T1,A_MEMBER_GEO,FU005,TH,OK,100.0000000000,1,1
FU005,TH,T1,C_SCOPE,,TH,OK,100.0000000000,1,1
FU005,TH,T1,D_POST_SA,,TH,OK,81.8109090803,1,1
FU006,TH,T1,A_MEMBER_GEO,FU006,TH,OK,76.0000000000,1,1
FU006,TH,T1,C_SCOPE,,TH,OK,100.0000000000,1,1
FU006,TH,T1,D_POST_SA,,TH,OK,101.7277215385,1,1
FU007,TH,T1,C_SCOPE,,TH,NO_SIGNAL,0.0000000000,0,1
FU007,TH,T1,D_POST_SA,,TH,NO_SIGNAL,0.0000000000,0,1
FU008,TH,T1,C_SCOPE,,TH,NO_SIGNAL,0.0000000000,0,1
FU008,TH,T1,D_POST_SA,,TH,NO_SIGNAL,0.0000000000,0,1
FU009,TH,T1,C_SCOPE,,TH,NO_SIGNAL,0.0000000000,0,1
FU009,TH,T1,D_POST_SA,,TH,NO_SIGNAL,0.0000000000,0,1
FU010,TH,T1,C_SCOPE,,TH,NO_SIGNAL,0.0000000000,0,1
FU010,TH,T1,D_POST_SA,,TH,NO_SIGNAL,0.0000000000,0,1
FU011,TH,T1,C_SCOPE,,TH,NO_SIGNAL,0.0000000000,0,1
FU011,TH,T1,D_POST_SA,,TH,NO_SIGNAL,0.0000000000,0,1
FU012,TH,T1,C_SCOPE,,TH,NO_SIGNAL,0.0000000000,0,1
FU012,TH,T1,D_POST_SA,,TH,NO_SIGNAL,0.0000000000,0,1
FU013,TH,T1,C_SCOPE,,TH,NO_SIGNAL,0.0000000000,0,1
FU013,TH,T1,D_POST_SA,,TH,NO_SIGNAL,0.0000000000,0,1
FU014,TH,T1,C_SCOPE,,TH,NO_SIGNAL,0.0000000000,0,1
FU014,TH,T1,D_POST_SA,,TH,NO_SIGNAL,0.0000000000,0,1
FP015,TH,T1,C_SCOPE,,TH,NO_SIGNAL,0.0000000000,0,1
FP015,TH,T1,D_POST_SA,,TH,NO_SIGNAL,0.0000000000,0,1
FU015,TH,T1,C_SCOPE,,TH,NO_SIGNAL,0.0000000000,0,1
FU015,TH,T1,D_POST_SA,,TH,NO_SIGNAL,0.0000000000,0,1
TP001,TH,T1,A_MEMBER_GEO,TP001,TH,OK,100.0000000000,1,1
TP001,TH,T1,C_SCOPE,,TH,OK,100.0000000000,1,1
TP001,TH,T1,D_POST_SA,,TH,OK,98.6649142570,1,1
TP002,TH,T1,A_MEMBER_GEO,TP002,TH,OK,78.0000000000,1,1
TP002,TH,T1,C_SCOPE,,TH,OK,100.0000000000,1,1
TP002,TH,T1,D_POST_SA,,TH,OK,93.8851313090,1,1
TP003,TH,T1,A_MEMBER_GEO,TP003,TH,OK,100.0000000000,1,1
TP003,TH,T1,C_SCOPE,,TH,OK,100.0000000000,1,1
TP003,TH,T1,D_POST_SA,,TH,OK,102.9882490035,1,1
TP004,TH,T1,A_MEMBER_GEO,TP004,TH,OK,51.0000000000,1,1
TP004,TH,T1,C_SCOPE,,TH,OK,100.0000000000,1,1
TP004,TH,T1,D_POST_SA,,TH,OK,100.7868255114,1,1
TU001,TH,T1,A_MEMBER_GEO,TU001,TH,OK,89.0000000000,1,1
TU001,TH,T1,C_SCOPE,,TH,OK,100.0000000000,1,1
TU001,TH,T1,D_POST_SA,,TH,OK,97.7301204029,1,1
TU002,TH,T1,A_MEMBER_GEO,TU002,TH,OK,100.0000000000,1,1
TU002,TH,T1,C_SCOPE,,TH,OK,100.0000000000,1,1
TU002,TH,T1,D_POST_SA,,TH,OK,113.4408921056,1,1
TU003,TH,T1,A_MEMBER_GEO,TU003,TH,OK,73.0000000000,1,1
TU003,TH,T1,C_SCOPE,,TH,OK,100.0000000000,1,1
TU003,TH,T1,D_POST_SA,,TH,OK,96.6718273118,1,1
TU004,TH,T1,A_MEMBER_GEO,TU004,TH,OK,67.0000000000,1,1
TU004,TH,T1,C_SCOPE,,TH,OK,100.0000000000,1,1
TU004,TH,T1,D_POST_SA,,TH,OK,92.6777072050,1,1
TU005,TH,T1,A_MEMBER_GEO,TU005,TH,OK,99.0000000000,1,1
TU005,TH,T1,C_SCOPE,,TH,OK,100.0000000000,1,1
TU005,TH,T1,D_POST_SA,,TH,OK,96.8769999159,1,1
NP001,TH,T1,A_MEMBER_GEO,NP001,TH,OK,100.0000000000,1,1
NP001,TH,T1,C_SCOPE,,TH,OK,100.0000000000,1,1
NP001,TH,T1,D_POST_SA,,TH,OK,99.6014205562,1,1
NP002,TH,T1,A_MEMBER_GEO,NP002,TH,OK,100.0000000000,1,1
NP002,TH,T1,C_SCOPE,,TH,OK,100.0000000000,1,1
NP002,TH,T1,D_POST_SA,,TH,OK,98.9785053254,1,1
NP003,TH,T1,A_MEMBER_GEO,NP003,TH,OK,100.0000000000,1,1
NP003,TH,T1,C_SCOPE,,TH,OK,100.0000000000,1,1
NP003,TH,T1,D_POST_SA,,TH,OK,97.2676525647,1,1
NP004,TH,T1,A_MEMBER_GEO,NP004,TH,OK,100.0000000000,1,1
NP004,TH,T1,C_SCOPE,,TH,OK,100.0000000000,1,1
NP004,TH,T1,D_POST_SA,,TH,OK,95.2822447435,1,1
NU001,TH,T1,A_MEMBER_GEO,NU001,TH,OK,100.0000000000,1,1
NU001,TH,T1,C_SCOPE,,TH,OK,100.0000000000,1,1
NU001,TH,T1,D_POST_SA,,TH,OK,98.7385529209,1,1
NU002,TH,T1,A_MEMBER_GEO,NU002,TH,OK,76.0000000000,1,1
NU002,TH,T1,C_SCOPE,,TH,OK,100.0000000000,1,1
NU002,TH,T1,D_POST_SA,,TH,OK,108.4796467533,1,1
NU003,TH,T1,A_MEMBER_GEO,NU003,TH,NO_SIGNAL,0.0000000000,1,1
NU003,TH,T1,C_SCOPE,,TH,NO_SIGNAL,0.0000000000,0,1
NU003,TH,T1,D_POST_SA,,TH,NO_SIGNAL,0.0000000000,0,1
NU004,TH,T1,A_MEMBER_GEO,NU004,TH,OK,100.0000000000,1,1
NU004,TH,T1,C_SCOPE,,TH,OK,100.0000000000,1,1
NU004,TH,T1,D_POST_SA,,TH,OK,97.4038628754,1,1
NP005,TH,T1,A_MEMBER_GEO,NP005,TH,OK,100.0000000000,1,1
NP005,TH,T1,C_SCOPE,,TH,OK,100.0000000000,1,1
NP005,TH,T1,D_POST_SA,,TH,OK,101.6366495859,1,1
NP006,TH,T1,A_MEMBER_GEO,NP006,TH,OK,100.0000000000,1,1
NP006,TH,T1,C_SCOPE,,TH,OK,100.0000000000,1,1
NP006,TH,T1,D_POST_SA,,TH,OK,99.2822283434,1,1
FU016,TH,T1,A_MEMBER_GEO,FU016,TH,OK,100.0000000000,1,1
FU016,TH,T1,C_SCOPE,,TH,OK,100.0000000000,1,1
FU016,TH,T1,D_POST_SA,,TH,OK,100.7170030744,1,1
FU017,TH,T1,A_MEMBER_GEO,FU017,TH,OK,100.0000000000,1,1
FU017,TH,T1,C_SCOPE,,TH,OK,100.0000000000,1,1
FU017,TH,T1,D_POST_SA,,TH,OK,93.7662132099,1,1
FP016,TH,T1,A_MEMBER_GEO,FP016,TH,OK,100.0000000000,1,1
FP016,TH,T1,C_SCOPE,,TH,OK,100.0000000000,1,1
FP016,TH,T1,D_POST_SA,,TH,OK,106.4511353944,1,1
FP017,TH,T1,A_MEMBER_GEO,FP017,TH,OK,100.0000000000,1,1
FP017,TH,T1,C_SCOPE,,TH,OK,100.0000000000,1,1
FP017,TH,T1,D_POST_SA,,TH,OK,97.0727179508,1,1
FP018,TH,T1,A_MEMBER_GEO,FP018,TH,OK,100.0000000000,1,1
FP018,TH,T1,C_SCOPE,,TH,OK,100.0000000000,1,1
FP018,TH,T1,D_POST_SA,,TH,OK,98.5587019121,1,1
FP019,TH,T1,A_MEMBER_GEO,FP019,TH,OK,90.0000000000,1,1
FP019,TH,T1,C_SCOPE,,TH,OK,100.0000000000,1,1
FP019,TH,T1,D_POST_SA,,TH,OK,89.7670678055,1,1
FP020,TH,T1,A_MEMBER_GEO,FP020,TH,OK,100.0000000000,1,1
FP020,TH,T1,C_SCOPE,,TH,OK,100.0000000000,1,1
FP020,TH,T1,D_POST_SA,,TH,OK,98.3720334644,1,1
FP021,TH,T1,A_MEMBER_GEO,FP021,TH,OK,100.0000000000,1,1
FP021,TH,T1,C_SCOPE,,TH,OK,100.0000000000,1,1
FP021,TH,T1,D_POST_SA,,TH,OK,96.2090008342,1,1
FP022,TH,T1,A_MEMBER_GEO,FP022,TH,OK,100.0000000000,1,1
FP022,TH,T1,C_SCOPE,,TH,OK,100.0000000000,1,1
FP022,TH,T1,D_POST_SA,,TH,OK,96.0103857069,1,1
FP023,TH,T1,A_MEMBER_GEO,FP023,TH,OK,100.0000000000,1,1
FP023,TH,T1,C_SCOPE,,TH,OK,100.0000000000,1,1
FP023,TH,T1,D_POST_SA,,TH,OK,96.5901448757,1,1
FP024,TH,T1,A_MEMBER_GEO,FP024,TH,OK,100.0000000000,1,1
FP024,TH,T1,C_SCOPE,,TH,OK,100.0000000000,1,1
FP024,TH,T1,D_POST_SA,,TH,OK,91.6347524518,1,1
FP025,TH,T1,A_MEMBER_GEO,FP025,TH,NO_SIGNAL,0.0000000000,1,1
FP025,TH,T1,C_SCOPE,,TH,NO_SIGNAL,0.0000000000,0,1
FP025,TH,T1,D_POST_SA,,TH,NO_SIGNAL,0.0000000000,0,1
FP026,TH,T1,A_MEMBER_GEO,FP026,TH,OK,100.0000000000,1,1
FP026,TH,T1,C_SCOPE,,TH,OK,100.0000000000,1,1
FP026,TH,T1,D_POST_SA,,TH,OK,96.2606978783,1,1
FP027,TH,T1,A_MEMBER_GEO,FP027,TH,OK,100.0000000000,1,1
FP027,TH,T1,C_SCOPE,,TH,OK,100.0000000000,1,1
FP027,TH,T1,D_POST_SA,,TH,OK,98.2939266494,1,1
FU018,TH,T1,A_MEMBER_GEO,FU018,TH,OK,89.0000000000,1,1
FU018,TH,T1,C_SCOPE,,TH,OK,100.0000000000,1,1
FU018,TH,T1,D_POST_SA,,TH,OK,93.3953095209,1,1
FU019,TH,T1,A_MEMBER_GEO,FU019,TH,OK,100.0000000000,1,1
FU019,TH,T1,C_SCOPE,,TH,OK,100.0000000000,1,1
FU019,TH,T1,D_POST_SA,,TH,OK,93.7091624035,1,1
FU020,TH,T1,A_MEMBER_GEO,FU020,TH,OK,100.0000000000,1,1
FU020,TH,T1,C_SCOPE,,TH,OK,100.0000000000,1,1
FU020,TH,T1,D_POST_SA,,TH,OK,97.0109206392,1,1
FU021,TH,T1,A_MEMBER_GEO,FU021,TH,OK,100.0000000000,1,1
FU021,TH,T1,C_SCOPE,,TH,OK,100.0000000000,1,1
FU021,TH,T1,D_POST_SA,,TH,OK,91.8550644139,1,1
FU022,TH,T1,A_MEMBER_GEO,FU022,TH,OK,100.0000000000,1,1
FU022,TH,T1,C_SCOPE,,TH,OK,100.0000000000,1,1
FU022,TH,T1,D_POST_SA,,TH,OK,109.7615212966,1,1
FU023,TH,T1,A_MEMBER_GEO,FU023,TH,OK,96.0000000000,1,1
FU023,TH,T1,C_SCOPE,,TH,OK,100.0000000000,1,1
FU023,TH,T1,D_POST_SA,,TH,OK,98.7821061135,1,1
FU024,TH,T1,A_MEMBER_GEO,FU024,TH,OK,100.0000000000,1,1
FU024,TH,T1,C_SCOPE,,TH,OK,100.0000000000,1,1
FU024,TH,T1,D_POST_SA,,TH,OK,99.1958458597,1,1
FU025,TH,T1,A_MEMBER_GEO,FU025,TH,OK,100.0000000000,1,1
FU025,TH,T1,C_SCOPE,,TH,OK,100.0000000000,1,1
FU025,TH,T1,D_POST_SA,,TH,OK,102.1768244783,1,1
FU026,TH,T1,A_MEMBER_GEO,FU026,TH,OK,100.0000000000,1,1
FU026,TH,T1,C_SCOPE,,TH,OK,100.0000000000,1,1
FU026,TH,T1,D_POST_SA,,TH,OK,95.2668388105,1,1
FU027,TH,T1,A_MEMBER_GEO,FU027,TH,OK,100.0000000000,1,1
FU027,TH,T1,C_SCOPE,,TH,OK,100.0000000000,1,1
FU027,TH,T1,D_POST_SA,,TH,OK,101.9100069841,1,1
TP005,TH,T1,A_MEMBER_GEO,TP005,TH,OK,100.0000000000,1,1
TP005,TH,T1,C_SCOPE,,TH,OK,100.0000000000,1,1
TP005,TH,T1,D_POST_SA,,TH,OK,98.0579912756,1,1
TP006,TH,T1,A_MEMBER_GEO,TP006,TH,OK,100.0000000000,1,1
TP006,TH,T1,C_SCOPE,,TH,OK,100.0000000000,1,1
TP006,TH,T1,D_POST_SA,,TH,OK,99.0632093867,1,1
TU006,TH,T1,A_MEMBER_GEO,TU006,TH,OK,100.0000000000,1,1
TU006,TH,T1,C_SCOPE,,TH,OK,100.0000000000,1,1
TU006,TH,T1,D_POST_SA,,TH,OK,99.3488003624,1,1
FP001,REG_ISAN20,T1,A_MEMBER_GEO,FP001,TH-30,OK,100.0000000000,1,1
FP001,REG_ISAN20,T1,A_MEMBER_GEO,FP001,TH-31,OK,100.0000000000,1,1
FP001,REG_ISAN20,T1,A_MEMBER_GEO,FP001,TH-32,OK,100.0000000000,1,1
FP001,REG_ISAN20,T1,A_MEMBER_GEO,FP001,TH-33,OK,100.0000000000,1,1
FP001,REG_ISAN20,T1,A_MEMBER_GEO,FP001,TH-34,OK,100.0000000000,1,1
FP001,REG_ISAN20,T1,A_MEMBER_GEO,FP001,TH-35,OK,100.0000000000,1,1
FP001,REG_ISAN20,T1,A_MEMBER_GEO,FP001,TH-36,OK,100.0000000000,1,1
FP001,REG_ISAN20,T1,A_MEMBER_GEO,FP001,TH-37,NO_SIGNAL,0.0000000000,1,1
FP001,REG_ISAN20,T1,A_MEMBER_GEO,FP001,TH-38,NO_SIGNAL,0.0000000000,1,1
FP001,REG_ISAN20,T1,A_MEMBER_GEO,FP001,TH-39,NO_SIGNAL,0.0000000000,1,1
FP001,REG_ISAN20,T1,A_MEMBER_GEO,FP001,TH-40,OK,100.0000000000,1,1
FP001,REG_ISAN20,T1,A_MEMBER_GEO,FP001,TH-41,OK,100.0000000000,1,1
FP001,REG_ISAN20,T1,A_MEMBER_GEO,FP001,TH-42,OK,100.0000000000,1,1
FP001,REG_ISAN20,T1,A_MEMBER_GEO,FP001,TH-43,NO_SIGNAL,0.0000000000,1,1
FP001,REG_ISAN20,T1,A_MEMBER_GEO,FP001,TH-44,OK,100.0000000000,1,1
FP001,REG_ISAN20,T1,A_MEMBER_GEO,FP001,TH-45,OK,100.0000000000,1,1
FP001,REG_ISAN20,T1,A_MEMBER_GEO,FP001,TH-46,OK,100.0000000000,1,1
FP001,REG_ISAN20,T1,A_MEMBER_GEO,FP001,TH-47,OK,100.0000000000,1,1
FP001,REG_ISAN20,T1,A_MEMBER_GEO,FP001,TH-48,NO_SIGNAL,0.0000000000,1,1
FP001,REG_ISAN20,T1,A_MEMBER_GEO,FP001,TH-49,NO_SIGNAL,0.0000000000,1,1
FP001,REG_ISAN20,T1,C_SCOPE,,TH-30+TH-31+TH-32+TH-33+TH-34+TH-35+TH-36+TH-37+TH-38+TH-39+TH-40+TH-41+TH-42+TH-43+TH-44+TH-45+TH-46+TH-47+TH-48+TH-49,OK,22.8500000000,14,20
FP001,REG_ISAN20,T1,D_POST_SA,,REG_ISAN20,OK,99.7352428088,1,1
FP002,REG_ISAN20,T1,A_MEMBER_GEO,FP002,TH-30,OK,100.0000000000,1,1
FP002,REG_ISAN20,T1,A_MEMBER_GEO,FP002,TH-31,OK,100.0000000000,1,1
FP002,REG_ISAN20,T1,A_MEMBER_GEO,FP002,TH-32,OK,100.0000000000,1,1
FP002,REG_ISAN20,T1,A_MEMBER_GEO,FP002,TH-33,OK,100.0000000000,1,1
FP002,REG_ISAN20,T1,A_MEMBER_GEO,FP002,TH-34,OK,100.0000000000,1,1
FP002,REG_ISAN20,T1,A_MEMBER_GEO,FP002,TH-35,OK,100.0000000000,1,1
FP002,REG_ISAN20,T1,A_MEMBER_GEO,FP002,TH-36,OK,100.0000000000,1,1
FP002,REG_ISAN20,T1,A_MEMBER_GEO,FP002,TH-37,NO_SIGNAL,0.0000000000,1,1
FP002,REG_ISAN20,T1,A_MEMBER_GEO,FP002,TH-38,OK,100.0000000000,1,1
FP002,REG_ISAN20,T1,A_MEMBER_GEO,FP002,TH-39,NO_SIGNAL,0.0000000000,1,1
FP002,REG_ISAN20,T1,A_MEMBER_GEO,FP002,TH-40,OK,100.0000000000,1,1
FP002,REG_ISAN20,T1,A_MEMBER_GEO,FP002,TH-41,OK,100.0000000000,1,1
FP002,REG_ISAN20,T1,A_MEMBER_GEO,FP002,TH-42,OK,100.0000000000,1,1
FP002,REG_ISAN20,T1,A_MEMBER_GEO,FP002,TH-43,NO_SIGNAL,0.0000000000,1,1
FP002,REG_ISAN20,T1,A_MEMBER_GEO,FP002,TH-44,OK,100.0000000000,1,1
FP002,REG_ISAN20,T1,A_MEMBER_GEO,FP002,TH-45,OK,100.0000000000,1,1
FP002,REG_ISAN20,T1,A_MEMBER_GEO,FP002,TH-46,OK,100.0000000000,1,1
FP002,REG_ISAN20,T1,A_MEMBER_GEO,FP002,TH-47,NO_SIGNAL,0.0000000000,1,1
FP002,REG_ISAN20,T1,A_MEMBER_GEO,FP002,TH-48,NO_SIGNAL,0.0000000000,1,1
FP002,REG_ISAN20,T1,A_MEMBER_GEO,FP002,TH-49,NO_SIGNAL,0.0000000000,1,1
FP002,REG_ISAN20,T1,C_SCOPE,,TH-30+TH-31+TH-32+TH-33+TH-34+TH-35+TH-36+TH-37+TH-38+TH-39+TH-40+TH-41+TH-42+TH-43+TH-44+TH-45+TH-46+TH-47+TH-48+TH-49,OK,39.9500000000,14,20
FP002,REG_ISAN20,T1,D_POST_SA,,REG_ISAN20,OK,99.2599101564,1,1
FP003,REG_ISAN20,T1,C_SCOPE,,TH-30+TH-31+TH-32+TH-33+TH-34+TH-35+TH-36+TH-37+TH-38+TH-39+TH-40+TH-41+TH-42+TH-43+TH-44+TH-45+TH-46+TH-47+TH-48+TH-49,NO_SIGNAL,0.0000000000,0,20
FP003,REG_ISAN20,T1,D_POST_SA,,REG_ISAN20,NO_SIGNAL,0.0000000000,0,1
FP004,REG_ISAN20,T1,C_SCOPE,,TH-30+TH-31+TH-32+TH-33+TH-34+TH-35+TH-36+TH-37+TH-38+TH-39+TH-40+TH-41+TH-42+TH-43+TH-44+TH-45+TH-46+TH-47+TH-48+TH-49,NO_SIGNAL,0.0000000000,0,20
FP004,REG_ISAN20,T1,D_POST_SA,,REG_ISAN20,NO_SIGNAL,0.0000000000,0,1
FP005,REG_ISAN20,T1,C_SCOPE,,TH-30+TH-31+TH-32+TH-33+TH-34+TH-35+TH-36+TH-37+TH-38+TH-39+TH-40+TH-41+TH-42+TH-43+TH-44+TH-45+TH-46+TH-47+TH-48+TH-49,NO_SIGNAL,0.0000000000,0,20
FP005,REG_ISAN20,T1,D_POST_SA,,REG_ISAN20,NO_SIGNAL,0.0000000000,0,1
FP006,REG_ISAN20,T1,C_SCOPE,,TH-30+TH-31+TH-32+TH-33+TH-34+TH-35+TH-36+TH-37+TH-38+TH-39+TH-40+TH-41+TH-42+TH-43+TH-44+TH-45+TH-46+TH-47+TH-48+TH-49,NO_SIGNAL,0.0000000000,0,20
FP006,REG_ISAN20,T1,D_POST_SA,,REG_ISAN20,NO_SIGNAL,0.0000000000,0,1
FP007,REG_ISAN20,T1,C_SCOPE,,TH-30+TH-31+TH-32+TH-33+TH-34+TH-35+TH-36+TH-37+TH-38+TH-39+TH-40+TH-41+TH-42+TH-43+TH-44+TH-45+TH-46+TH-47+TH-48+TH-49,NO_SIGNAL,0.0000000000,0,20
FP007,REG_ISAN20,T1,D_POST_SA,,REG_ISAN20,NO_SIGNAL,0.0000000000,0,1
FP008,REG_ISAN20,T1,C_SCOPE,,TH-30+TH-31+TH-32+TH-33+TH-34+TH-35+TH-36+TH-37+TH-38+TH-39+TH-40+TH-41+TH-42+TH-43+TH-44+TH-45+TH-46+TH-47+TH-48+TH-49,NO_SIGNAL,0.0000000000,0,20
FP008,REG_ISAN20,T1,D_POST_SA,,REG_ISAN20,NO_SIGNAL,0.0000000000,0,1
FP009,REG_ISAN20,T1,C_SCOPE,,TH-30+TH-31+TH-32+TH-33+TH-34+TH-35+TH-36+TH-37+TH-38+TH-39+TH-40+TH-41+TH-42+TH-43+TH-44+TH-45+TH-46+TH-47+TH-48+TH-49,NO_SIGNAL,0.0000000000,0,20
FP009,REG_ISAN20,T1,D_POST_SA,,REG_ISAN20,NO_SIGNAL,0.0000000000,0,1
FP010,REG_ISAN20,T1,C_SCOPE,,TH-30+TH-31+TH-32+TH-33+TH-34+TH-35+TH-36+TH-37+TH-38+TH-39+TH-40+TH-41+TH-42+TH-43+TH-44+TH-45+TH-46+TH-47+TH-48+TH-49,NO_SIGNAL,0.0000000000,0,20
FP010,REG_ISAN20,T1,D_POST_SA,,REG_ISAN20,NO_SIGNAL,0.0000000000,0,1
FP011,REG_ISAN20,T1,C_SCOPE,,TH-30+TH-31+TH-32+TH-33+TH-34+TH-35+TH-36+TH-37+TH-38+TH-39+TH-40+TH-41+TH-42+TH-43+TH-44+TH-45+TH-46+TH-47+TH-48+TH-49,NO_SIGNAL,0.0000000000,0,20
FP011,REG_ISAN20,T1,D_POST_SA,,REG_ISAN20,NO_SIGNAL,0.0000000000,0,1
FP012,REG_ISAN20,T1,C_SCOPE,,TH-30+TH-31+TH-32+TH-33+TH-34+TH-35+TH-36+TH-37+TH-38+TH-39+TH-40+TH-41+TH-42+TH-43+TH-44+TH-45+TH-46+TH-47+TH-48+TH-49,NO_SIGNAL,0.0000000000,0,20
FP012,REG_ISAN20,T1,D_POST_SA,,REG_ISAN20,NO_SIGNAL,0.0000000000,0,1
FP013,REG_ISAN20,T1,C_SCOPE,,TH-30+TH-31+TH-32+TH-33+TH-34+TH-35+TH-36+TH-37+TH-38+TH-39+TH-40+TH-41+TH-42+TH-43+TH-44+TH-45+TH-46+TH-47+TH-48+TH-49,NO_SIGNAL,0.0000000000,0,20
FP013,REG_ISAN20,T1,D_POST_SA,,REG_ISAN20,NO_SIGNAL,0.0000000000,0,1
FP014,REG_ISAN20,T1,C_SCOPE,,TH-30+TH-31+TH-32+TH-33+TH-34+TH-35+TH-36+TH-37+TH-38+TH-39+TH-40+TH-41+TH-42+TH-43+TH-44+TH-45+TH-46+TH-47+TH-48+TH-49,NO_SIGNAL,0.0000000000,0,20
FP014,REG_ISAN20,T1,D_POST_SA,,REG_ISAN20,NO_SIGNAL,0.0000000000,0,1
FU001,REG_ISAN20,T1,A_MEMBER_GEO,FU001,TH-30,OK,20.0000000000,1,1
FU001,REG_ISAN20,T1,A_MEMBER_GEO,FU001,TH-31,NO_SIGNAL,0.0000000000,1,1
FU001,REG_ISAN20,T1,A_MEMBER_GEO,FU001,TH-32,NO_SIGNAL,0.0000000000,1,1
FU001,REG_ISAN20,T1,A_MEMBER_GEO,FU001,TH-33,NO_SIGNAL,0.0000000000,1,1
FU001,REG_ISAN20,T1,A_MEMBER_GEO,FU001,TH-34,NO_SIGNAL,0.0000000000,1,1
FU001,REG_ISAN20,T1,A_MEMBER_GEO,FU001,TH-35,NO_SIGNAL,0.0000000000,1,1
FU001,REG_ISAN20,T1,A_MEMBER_GEO,FU001,TH-36,NO_SIGNAL,0.0000000000,1,1
FU001,REG_ISAN20,T1,A_MEMBER_GEO,FU001,TH-37,NO_SIGNAL,0.0000000000,1,1
FU001,REG_ISAN20,T1,A_MEMBER_GEO,FU001,TH-38,NO_SIGNAL,0.0000000000,1,1
FU001,REG_ISAN20,T1,A_MEMBER_GEO,FU001,TH-39,NO_SIGNAL,0.0000000000,1,1
FU001,REG_ISAN20,T1,A_MEMBER_GEO,FU001,TH-40,NO_SIGNAL,0.0000000000,1,1
FU001,REG_ISAN20,T1,A_MEMBER_GEO,FU001,TH-41,NO_SIGNAL,0.0000000000,1,1
FU001,REG_ISAN20,T1,A_MEMBER_GEO,FU001,TH-42,NO_SIGNAL,0.0000000000,1,1
FU001,REG_ISAN20,T1,A_MEMBER_GEO,FU001,TH-43,NO_SIGNAL,0.0000000000,1,1
FU001,REG_ISAN20,T1,A_MEMBER_GEO,FU001,TH-44,NO_SIGNAL,0.0000000000,1,1
FU001,REG_ISAN20,T1,A_MEMBER_GEO,FU001,TH-45,NO_SIGNAL,0.0000000000,1,1
FU001,REG_ISAN20,T1,A_MEMBER_GEO,FU001,TH-46,NO_SIGNAL,0.0000000000,1,1
FU001,REG_ISAN20,T1,A_MEMBER_GEO,FU001,TH-47,NO_SIGNAL,0.0000000000,1,1
FU001,REG_ISAN20,T1,A_MEMBER_GEO,FU001,TH-48,NO_SIGNAL,0.0000000000,1,1
FU001,REG_ISAN20,T1,A_MEMBER_GEO,FU001,TH-49,NO_SIGNAL,0.0000000000,1,1
FU001,REG_ISAN20,T1,C_SCOPE,,TH-30+TH-31+TH-32+TH-33+TH-34+TH-35+TH-36+TH-37+TH-38+TH-39+TH-40+TH-41+TH-42+TH-43+TH-44+TH-45+TH-46+TH-47+TH-48+TH-49,OK,5.0000000000,1,20
FU001,REG_ISAN20,T1,D_POST_SA,,REG_ISAN20,OK,99.5180708613,1,1
FU002,REG_ISAN20,T1,A_MEMBER_GEO,FU002,TH-30,OK,100.0000000000,1,1
FU002,REG_ISAN20,T1,A_MEMBER_GEO,FU002,TH-31,OK,100.0000000000,1,1
FU002,REG_ISAN20,T1,A_MEMBER_GEO,FU002,TH-32,OK,100.0000000000,1,1
FU002,REG_ISAN20,T1,A_MEMBER_GEO,FU002,TH-33,OK,100.0000000000,1,1
FU002,REG_ISAN20,T1,A_MEMBER_GEO,FU002,TH-34,OK,81.0000000000,1,1
FU002,REG_ISAN20,T1,A_MEMBER_GEO,FU002,TH-35,NO_SIGNAL,0.0000000000,1,1
FU002,REG_ISAN20,T1,A_MEMBER_GEO,FU002,TH-36,OK,100.0000000000,1,1
FU002,REG_ISAN20,T1,A_MEMBER_GEO,FU002,TH-37,OK,100.0000000000,1,1
FU002,REG_ISAN20,T1,A_MEMBER_GEO,FU002,TH-38,NO_SIGNAL,0.0000000000,1,1
FU002,REG_ISAN20,T1,A_MEMBER_GEO,FU002,TH-39,OK,100.0000000000,1,1
FU002,REG_ISAN20,T1,A_MEMBER_GEO,FU002,TH-40,OK,100.0000000000,1,1
FU002,REG_ISAN20,T1,A_MEMBER_GEO,FU002,TH-41,OK,100.0000000000,1,1
FU002,REG_ISAN20,T1,A_MEMBER_GEO,FU002,TH-42,OK,100.0000000000,1,1
FU002,REG_ISAN20,T1,A_MEMBER_GEO,FU002,TH-43,OK,100.0000000000,1,1
FU002,REG_ISAN20,T1,A_MEMBER_GEO,FU002,TH-44,OK,100.0000000000,1,1
FU002,REG_ISAN20,T1,A_MEMBER_GEO,FU002,TH-45,OK,100.0000000000,1,1
FU002,REG_ISAN20,T1,A_MEMBER_GEO,FU002,TH-46,OK,100.0000000000,1,1
FU002,REG_ISAN20,T1,A_MEMBER_GEO,FU002,TH-47,OK,100.0000000000,1,1
FU002,REG_ISAN20,T1,A_MEMBER_GEO,FU002,TH-48,OK,100.0000000000,1,1
FU002,REG_ISAN20,T1,A_MEMBER_GEO,FU002,TH-49,OK,100.0000000000,1,1
FU002,REG_ISAN20,T1,C_SCOPE,,TH-30+TH-31+TH-32+TH-33+TH-34+TH-35+TH-36+TH-37+TH-38+TH-39+TH-40+TH-41+TH-42+TH-43+TH-44+TH-45+TH-46+TH-47+TH-48+TH-49,OK,25.1074074074,18,20
FU002,REG_ISAN20,T1,D_POST_SA,,REG_ISAN20,OK,93.0409372327,1,1
FU003,REG_ISAN20,T1,C_SCOPE,,TH-30+TH-31+TH-32+TH-33+TH-34+TH-35+TH-36+TH-37+TH-38+TH-39+TH-40+TH-41+TH-42+TH-43+TH-44+TH-45+TH-46+TH-47+TH-48+TH-49,NO_SIGNAL,0.0000000000,0,20
FU003,REG_ISAN20,T1,D_POST_SA,,REG_ISAN20,NO_SIGNAL,0.0000000000,0,1
FU004,REG_ISAN20,T1,A_MEMBER_GEO,FU004,TH-30,OK,100.0000000000,1,1
FU004,REG_ISAN20,T1,A_MEMBER_GEO,FU004,TH-31,OK,100.0000000000,1,1
FU004,REG_ISAN20,T1,A_MEMBER_GEO,FU004,TH-32,OK,100.0000000000,1,1
FU004,REG_ISAN20,T1,A_MEMBER_GEO,FU004,TH-33,OK,100.0000000000,1,1
FU004,REG_ISAN20,T1,A_MEMBER_GEO,FU004,TH-34,OK,100.0000000000,1,1
FU004,REG_ISAN20,T1,A_MEMBER_GEO,FU004,TH-35,OK,100.0000000000,1,1
FU004,REG_ISAN20,T1,A_MEMBER_GEO,FU004,TH-36,OK,100.0000000000,1,1
FU004,REG_ISAN20,T1,A_MEMBER_GEO,FU004,TH-37,OK,100.0000000000,1,1
FU004,REG_ISAN20,T1,A_MEMBER_GEO,FU004,TH-38,OK,100.0000000000,1,1
FU004,REG_ISAN20,T1,A_MEMBER_GEO,FU004,TH-39,OK,100.0000000000,1,1
FU004,REG_ISAN20,T1,A_MEMBER_GEO,FU004,TH-40,OK,100.0000000000,1,1
FU004,REG_ISAN20,T1,A_MEMBER_GEO,FU004,TH-41,OK,100.0000000000,1,1
FU004,REG_ISAN20,T1,A_MEMBER_GEO,FU004,TH-42,OK,100.0000000000,1,1
FU004,REG_ISAN20,T1,A_MEMBER_GEO,FU004,TH-43,OK,100.0000000000,1,1
FU004,REG_ISAN20,T1,A_MEMBER_GEO,FU004,TH-44,OK,100.0000000000,1,1
FU004,REG_ISAN20,T1,A_MEMBER_GEO,FU004,TH-45,OK,100.0000000000,1,1
FU004,REG_ISAN20,T1,A_MEMBER_GEO,FU004,TH-46,OK,100.0000000000,1,1
FU004,REG_ISAN20,T1,A_MEMBER_GEO,FU004,TH-47,OK,100.0000000000,1,1
FU004,REG_ISAN20,T1,A_MEMBER_GEO,FU004,TH-48,OK,100.0000000000,1,1
FU004,REG_ISAN20,T1,A_MEMBER_GEO,FU004,TH-49,OK,100.0000000000,1,1
FU004,REG_ISAN20,T1,C_SCOPE,,TH-30+TH-31+TH-32+TH-33+TH-34+TH-35+TH-36+TH-37+TH-38+TH-39+TH-40+TH-41+TH-42+TH-43+TH-44+TH-45+TH-46+TH-47+TH-48+TH-49,OK,100.0000000000,20,20
FU004,REG_ISAN20,T1,D_POST_SA,,REG_ISAN20,OK,92.4100958189,1,1
FU005,REG_ISAN20,T1,A_MEMBER_GEO,FU005,TH-30,OK,100.0000000000,1,1
FU005,REG_ISAN20,T1,A_MEMBER_GEO,FU005,TH-31,NO_SIGNAL,0.0000000000,1,1
FU005,REG_ISAN20,T1,A_MEMBER_GEO,FU005,TH-32,NO_SIGNAL,0.0000000000,1,1
FU005,REG_ISAN20,T1,A_MEMBER_GEO,FU005,TH-33,NO_SIGNAL,0.0000000000,1,1
FU005,REG_ISAN20,T1,A_MEMBER_GEO,FU005,TH-34,NO_SIGNAL,0.0000000000,1,1
FU005,REG_ISAN20,T1,A_MEMBER_GEO,FU005,TH-35,NO_SIGNAL,0.0000000000,1,1
FU005,REG_ISAN20,T1,A_MEMBER_GEO,FU005,TH-36,NO_SIGNAL,0.0000000000,1,1
FU005,REG_ISAN20,T1,A_MEMBER_GEO,FU005,TH-37,NO_SIGNAL,0.0000000000,1,1
FU005,REG_ISAN20,T1,A_MEMBER_GEO,FU005,TH-38,NO_SIGNAL,0.0000000000,1,1
FU005,REG_ISAN20,T1,A_MEMBER_GEO,FU005,TH-39,NO_SIGNAL,0.0000000000,1,1
FU005,REG_ISAN20,T1,A_MEMBER_GEO,FU005,TH-40,OK,100.0000000000,1,1
FU005,REG_ISAN20,T1,A_MEMBER_GEO,FU005,TH-41,NO_SIGNAL,0.0000000000,1,1
FU005,REG_ISAN20,T1,A_MEMBER_GEO,FU005,TH-42,NO_SIGNAL,0.0000000000,1,1
FU005,REG_ISAN20,T1,A_MEMBER_GEO,FU005,TH-43,NO_SIGNAL,0.0000000000,1,1
FU005,REG_ISAN20,T1,A_MEMBER_GEO,FU005,TH-44,NO_SIGNAL,0.0000000000,1,1
FU005,REG_ISAN20,T1,A_MEMBER_GEO,FU005,TH-45,NO_SIGNAL,0.0000000000,1,1
FU005,REG_ISAN20,T1,A_MEMBER_GEO,FU005,TH-46,NO_SIGNAL,0.0000000000,1,1
FU005,REG_ISAN20,T1,A_MEMBER_GEO,FU005,TH-47,NO_SIGNAL,0.0000000000,1,1
FU005,REG_ISAN20,T1,A_MEMBER_GEO,FU005,TH-48,NO_SIGNAL,0.0000000000,1,1
FU005,REG_ISAN20,T1,A_MEMBER_GEO,FU005,TH-49,NO_SIGNAL,0.0000000000,1,1
FU005,REG_ISAN20,T1,C_SCOPE,,TH-30+TH-31+TH-32+TH-33+TH-34+TH-35+TH-36+TH-37+TH-38+TH-39+TH-40+TH-41+TH-42+TH-43+TH-44+TH-45+TH-46+TH-47+TH-48+TH-49,OK,5.0000000000,2,20
FU005,REG_ISAN20,T1,D_POST_SA,,REG_ISAN20,OK,97.9062008851,1,1
FU006,REG_ISAN20,T1,A_MEMBER_GEO,FU006,TH-30,NO_SIGNAL,0.0000000000,1,1
FU006,REG_ISAN20,T1,A_MEMBER_GEO,FU006,TH-31,NO_SIGNAL,0.0000000000,1,1
FU006,REG_ISAN20,T1,A_MEMBER_GEO,FU006,TH-32,NO_SIGNAL,0.0000000000,1,1
FU006,REG_ISAN20,T1,A_MEMBER_GEO,FU006,TH-33,NO_SIGNAL,0.0000000000,1,1
FU006,REG_ISAN20,T1,A_MEMBER_GEO,FU006,TH-34,NO_SIGNAL,0.0000000000,1,1
FU006,REG_ISAN20,T1,A_MEMBER_GEO,FU006,TH-35,NO_SIGNAL,0.0000000000,1,1
FU006,REG_ISAN20,T1,A_MEMBER_GEO,FU006,TH-36,NO_SIGNAL,0.0000000000,1,1
FU006,REG_ISAN20,T1,A_MEMBER_GEO,FU006,TH-37,NO_SIGNAL,0.0000000000,1,1
FU006,REG_ISAN20,T1,A_MEMBER_GEO,FU006,TH-38,NO_SIGNAL,0.0000000000,1,1
FU006,REG_ISAN20,T1,A_MEMBER_GEO,FU006,TH-39,NO_SIGNAL,0.0000000000,1,1
FU006,REG_ISAN20,T1,A_MEMBER_GEO,FU006,TH-40,NO_SIGNAL,0.0000000000,1,1
FU006,REG_ISAN20,T1,A_MEMBER_GEO,FU006,TH-41,OK,100.0000000000,1,1
FU006,REG_ISAN20,T1,A_MEMBER_GEO,FU006,TH-42,NO_SIGNAL,0.0000000000,1,1
FU006,REG_ISAN20,T1,A_MEMBER_GEO,FU006,TH-43,NO_SIGNAL,0.0000000000,1,1
FU006,REG_ISAN20,T1,A_MEMBER_GEO,FU006,TH-44,NO_SIGNAL,0.0000000000,1,1
FU006,REG_ISAN20,T1,A_MEMBER_GEO,FU006,TH-45,NO_SIGNAL,0.0000000000,1,1
FU006,REG_ISAN20,T1,A_MEMBER_GEO,FU006,TH-46,NO_SIGNAL,0.0000000000,1,1
FU006,REG_ISAN20,T1,A_MEMBER_GEO,FU006,TH-47,NO_SIGNAL,0.0000000000,1,1
FU006,REG_ISAN20,T1,A_MEMBER_GEO,FU006,TH-48,NO_SIGNAL,0.0000000000,1,1
FU006,REG_ISAN20,T1,A_MEMBER_GEO,FU006,TH-49,NO_SIGNAL,0.0000000000,1,1
FU006,REG_ISAN20,T1,C_SCOPE,,TH-30+TH-31+TH-32+TH-33+TH-34+TH-35+TH-36+TH-37+TH-38+TH-39+TH-40+TH-41+TH-42+TH-43+TH-44+TH-45+TH-46+TH-47+TH-48+TH-49,OK,5.0000000000,1,20
FU006,REG_ISAN20,T1,D_POST_SA,,REG_ISAN20,OK,99.5180708613,1,1
FU007,REG_ISAN20,T1,C_SCOPE,,TH-30+TH-31+TH-32+TH-33+TH-34+TH-35+TH-36+TH-37+TH-38+TH-39+TH-40+TH-41+TH-42+TH-43+TH-44+TH-45+TH-46+TH-47+TH-48+TH-49,NO_SIGNAL,0.0000000000,0,20
FU007,REG_ISAN20,T1,D_POST_SA,,REG_ISAN20,NO_SIGNAL,0.0000000000,0,1
FU008,REG_ISAN20,T1,C_SCOPE,,TH-30+TH-31+TH-32+TH-33+TH-34+TH-35+TH-36+TH-37+TH-38+TH-39+TH-40+TH-41+TH-42+TH-43+TH-44+TH-45+TH-46+TH-47+TH-48+TH-49,NO_SIGNAL,0.0000000000,0,20
FU008,REG_ISAN20,T1,D_POST_SA,,REG_ISAN20,NO_SIGNAL,0.0000000000,0,1
FU009,REG_ISAN20,T1,C_SCOPE,,TH-30+TH-31+TH-32+TH-33+TH-34+TH-35+TH-36+TH-37+TH-38+TH-39+TH-40+TH-41+TH-42+TH-43+TH-44+TH-45+TH-46+TH-47+TH-48+TH-49,NO_SIGNAL,0.0000000000,0,20
FU009,REG_ISAN20,T1,D_POST_SA,,REG_ISAN20,NO_SIGNAL,0.0000000000,0,1
FU010,REG_ISAN20,T1,C_SCOPE,,TH-30+TH-31+TH-32+TH-33+TH-34+TH-35+TH-36+TH-37+TH-38+TH-39+TH-40+TH-41+TH-42+TH-43+TH-44+TH-45+TH-46+TH-47+TH-48+TH-49,NO_SIGNAL,0.0000000000,0,20
FU010,REG_ISAN20,T1,D_POST_SA,,REG_ISAN20,NO_SIGNAL,0.0000000000,0,1
FU011,REG_ISAN20,T1,C_SCOPE,,TH-30+TH-31+TH-32+TH-33+TH-34+TH-35+TH-36+TH-37+TH-38+TH-39+TH-40+TH-41+TH-42+TH-43+TH-44+TH-45+TH-46+TH-47+TH-48+TH-49,NO_SIGNAL,0.0000000000,0,20
FU011,REG_ISAN20,T1,D_POST_SA,,REG_ISAN20,NO_SIGNAL,0.0000000000,0,1
FU012,REG_ISAN20,T1,C_SCOPE,,TH-30+TH-31+TH-32+TH-33+TH-34+TH-35+TH-36+TH-37+TH-38+TH-39+TH-40+TH-41+TH-42+TH-43+TH-44+TH-45+TH-46+TH-47+TH-48+TH-49,NO_SIGNAL,0.0000000000,0,20
FU012,REG_ISAN20,T1,D_POST_SA,,REG_ISAN20,NO_SIGNAL,0.0000000000,0,1
FU013,REG_ISAN20,T1,C_SCOPE,,TH-30+TH-31+TH-32+TH-33+TH-34+TH-35+TH-36+TH-37+TH-38+TH-39+TH-40+TH-41+TH-42+TH-43+TH-44+TH-45+TH-46+TH-47+TH-48+TH-49,NO_SIGNAL,0.0000000000,0,20
FU013,REG_ISAN20,T1,D_POST_SA,,REG_ISAN20,NO_SIGNAL,0.0000000000,0,1
FU014,REG_ISAN20,T1,C_SCOPE,,TH-30+TH-31+TH-32+TH-33+TH-34+TH-35+TH-36+TH-37+TH-38+TH-39+TH-40+TH-41+TH-42+TH-43+TH-44+TH-45+TH-46+TH-47+TH-48+TH-49,NO_SIGNAL,0.0000000000,0,20
FU014,REG_ISAN20,T1,D_POST_SA,,REG_ISAN20,NO_SIGNAL,0.0000000000,0,1
FP015,REG_ISAN20,T1,C_SCOPE,,TH-30+TH-31+TH-32+TH-33+TH-34+TH-35+TH-36+TH-37+TH-38+TH-39+TH-40+TH-41+TH-42+TH-43+TH-44+TH-45+TH-46+TH-47+TH-48+TH-49,NO_SIGNAL,0.0000000000,0,20
FP015,REG_ISAN20,T1,D_POST_SA,,REG_ISAN20,NO_SIGNAL,0.0000000000,0,1
FU015,REG_ISAN20,T1,C_SCOPE,,TH-30+TH-31+TH-32+TH-33+TH-34+TH-35+TH-36+TH-37+TH-38+TH-39+TH-40+TH-41+TH-42+TH-43+TH-44+TH-45+TH-46+TH-47+TH-48+TH-49,NO_SIGNAL,0.0000000000,0,20
FU015,REG_ISAN20,T1,D_POST_SA,,REG_ISAN20,NO_SIGNAL,0.0000000000,0,1
TP001,REG_ISAN20,T1,A_MEMBER_GEO,TP001,TH-30,OK,100.0000000000,1,1
TP001,REG_ISAN20,T1,A_MEMBER_GEO,TP001,TH-31,OK,100.0000000000,1,1
TP001,REG_ISAN20,T1,A_MEMBER_GEO,TP001,TH-32,OK,100.0000000000,1,1
TP001,REG_ISAN20,T1,A_MEMBER_GEO,TP001,TH-33,NO_SIGNAL,0.0000000000,1,1
TP001,REG_ISAN20,T1,A_MEMBER_GEO,TP001,TH-34,OK,100.0000000000,1,1
TP001,REG_ISAN20,T1,A_MEMBER_GEO,TP001,TH-35,OK,100.0000000000,1,1
TP001,REG_ISAN20,T1,A_MEMBER_GEO,TP001,TH-36,OK,17.0000000000,1,1
TP001,REG_ISAN20,T1,A_MEMBER_GEO,TP001,TH-37,NO_SIGNAL,0.0000000000,1,1
TP001,REG_ISAN20,T1,A_MEMBER_GEO,TP001,TH-38,NO_SIGNAL,0.0000000000,1,1
TP001,REG_ISAN20,T1,A_MEMBER_GEO,TP001,TH-39,NO_SIGNAL,0.0000000000,1,1
TP001,REG_ISAN20,T1,A_MEMBER_GEO,TP001,TH-40,OK,100.0000000000,1,1
TP001,REG_ISAN20,T1,A_MEMBER_GEO,TP001,TH-41,OK,100.0000000000,1,1
TP001,REG_ISAN20,T1,A_MEMBER_GEO,TP001,TH-42,NO_SIGNAL,0.0000000000,1,1
TP001,REG_ISAN20,T1,A_MEMBER_GEO,TP001,TH-43,NO_SIGNAL,0.0000000000,1,1
TP001,REG_ISAN20,T1,A_MEMBER_GEO,TP001,TH-44,OK,100.0000000000,1,1
TP001,REG_ISAN20,T1,A_MEMBER_GEO,TP001,TH-45,OK,100.0000000000,1,1
TP001,REG_ISAN20,T1,A_MEMBER_GEO,TP001,TH-46,NO_SIGNAL,0.0000000000,1,1
TP001,REG_ISAN20,T1,A_MEMBER_GEO,TP001,TH-47,OK,25.0000000000,1,1
TP001,REG_ISAN20,T1,A_MEMBER_GEO,TP001,TH-48,NO_SIGNAL,0.0000000000,1,1
TP001,REG_ISAN20,T1,A_MEMBER_GEO,TP001,TH-49,NO_SIGNAL,0.0000000000,1,1
TP001,REG_ISAN20,T1,C_SCOPE,,TH-30+TH-31+TH-32+TH-33+TH-34+TH-35+TH-36+TH-37+TH-38+TH-39+TH-40+TH-41+TH-42+TH-43+TH-44+TH-45+TH-46+TH-47+TH-48+TH-49,OK,28.2000000000,11,20
TP001,REG_ISAN20,T1,D_POST_SA,,REG_ISAN20,OK,96.0328308875,1,1
TP002,REG_ISAN20,T1,A_MEMBER_GEO,TP002,TH-30,OK,100.0000000000,1,1
TP002,REG_ISAN20,T1,A_MEMBER_GEO,TP002,TH-31,NO_SIGNAL,0.0000000000,1,1
TP002,REG_ISAN20,T1,A_MEMBER_GEO,TP002,TH-32,NO_SIGNAL,0.0000000000,1,1
TP002,REG_ISAN20,T1,A_MEMBER_GEO,TP002,TH-33,NO_SIGNAL,0.0000000000,1,1
TP002,REG_ISAN20,T1,A_MEMBER_GEO,TP002,TH-34,NO_SIGNAL,0.0000000000,1,1
TP002,REG_ISAN20,T1,A_MEMBER_GEO,TP002,TH-35,NO_SIGNAL,0.0000000000,1,1
TP002,REG_ISAN20,T1,A_MEMBER_GEO,TP002,TH-36,NO_SIGNAL,0.0000000000,1,1
TP002,REG_ISAN20,T1,A_MEMBER_GEO,TP002,TH-37,NO_SIGNAL,0.0000000000,1,1
TP002,REG_ISAN20,T1,A_MEMBER_GEO,TP002,TH-38,NO_SIGNAL,0.0000000000,1,1
TP002,REG_ISAN20,T1,A_MEMBER_GEO,TP002,TH-39,NO_SIGNAL,0.0000000000,1,1
TP002,REG_ISAN20,T1,A_MEMBER_GEO,TP002,TH-40,NO_SIGNAL,0.0000000000,1,1
TP002,REG_ISAN20,T1,A_MEMBER_GEO,TP002,TH-41,NO_SIGNAL,0.0000000000,1,1
TP002,REG_ISAN20,T1,A_MEMBER_GEO,TP002,TH-42,NO_SIGNAL,0.0000000000,1,1
TP002,REG_ISAN20,T1,A_MEMBER_GEO,TP002,TH-43,NO_SIGNAL,0.0000000000,1,1
TP002,REG_ISAN20,T1,A_MEMBER_GEO,TP002,TH-44,NO_SIGNAL,0.0000000000,1,1
TP002,REG_ISAN20,T1,A_MEMBER_GEO,TP002,TH-45,NO_SIGNAL,0.0000000000,1,1
TP002,REG_ISAN20,T1,A_MEMBER_GEO,TP002,TH-46,NO_SIGNAL,0.0000000000,1,1
TP002,REG_ISAN20,T1,A_MEMBER_GEO,TP002,TH-47,NO_SIGNAL,0.0000000000,1,1
TP002,REG_ISAN20,T1,A_MEMBER_GEO,TP002,TH-48,NO_SIGNAL,0.0000000000,1,1
TP002,REG_ISAN20,T1,A_MEMBER_GEO,TP002,TH-49,NO_SIGNAL,0.0000000000,1,1
TP002,REG_ISAN20,T1,C_SCOPE,,TH-30+TH-31+TH-32+TH-33+TH-34+TH-35+TH-36+TH-37+TH-38+TH-39+TH-40+TH-41+TH-42+TH-43+TH-44+TH-45+TH-46+TH-47+TH-48+TH-49,OK,5.0000000000,1,20
TP002,REG_ISAN20,T1,D_POST_SA,,REG_ISAN20,OK,97.7725357726,1,1
TP003,REG_ISAN20,T1,A_MEMBER_GEO,TP003,TH-30,OK,100.0000000000,1,1
TP003,REG_ISAN20,T1,A_MEMBER_GEO,TP003,TH-31,NO_SIGNAL,0.0000000000,1,1
TP003,REG_ISAN20,T1,A_MEMBER_GEO,TP003,TH-32,NO_SIGNAL,0.0000000000,1,1
TP003,REG_ISAN20,T1,A_MEMBER_GEO,TP003,TH-33,NO_SIGNAL,0.0000000000,1,1
TP003,REG_ISAN20,T1,A_MEMBER_GEO,TP003,TH-34,OK,100.0000000000,1,1
TP003,REG_ISAN20,T1,A_MEMBER_GEO,TP003,TH-35,NO_SIGNAL,0.0000000000,1,1
TP003,REG_ISAN20,T1,A_MEMBER_GEO,TP003,TH-36,NO_SIGNAL,0.0000000000,1,1
TP003,REG_ISAN20,T1,A_MEMBER_GEO,TP003,TH-37,OK,100.0000000000,1,1
TP003,REG_ISAN20,T1,A_MEMBER_GEO,TP003,TH-38,NO_SIGNAL,0.0000000000,1,1
TP003,REG_ISAN20,T1,A_MEMBER_GEO,TP003,TH-39,NO_SIGNAL,0.0000000000,1,1
TP003,REG_ISAN20,T1,A_MEMBER_GEO,TP003,TH-40,OK,100.0000000000,1,1
TP003,REG_ISAN20,T1,A_MEMBER_GEO,TP003,TH-41,OK,100.0000000000,1,1
TP003,REG_ISAN20,T1,A_MEMBER_GEO,TP003,TH-42,NO_SIGNAL,0.0000000000,1,1
TP003,REG_ISAN20,T1,A_MEMBER_GEO,TP003,TH-43,NO_SIGNAL,0.0000000000,1,1
TP003,REG_ISAN20,T1,A_MEMBER_GEO,TP003,TH-44,NO_SIGNAL,0.0000000000,1,1
TP003,REG_ISAN20,T1,A_MEMBER_GEO,TP003,TH-45,NO_SIGNAL,0.0000000000,1,1
TP003,REG_ISAN20,T1,A_MEMBER_GEO,TP003,TH-46,NO_SIGNAL,0.0000000000,1,1
TP003,REG_ISAN20,T1,A_MEMBER_GEO,TP003,TH-47,OK,100.0000000000,1,1
TP003,REG_ISAN20,T1,A_MEMBER_GEO,TP003,TH-48,NO_SIGNAL,0.0000000000,1,1
TP003,REG_ISAN20,T1,A_MEMBER_GEO,TP003,TH-49,NO_SIGNAL,0.0000000000,1,1
TP003,REG_ISAN20,T1,C_SCOPE,,TH-30+TH-31+TH-32+TH-33+TH-34+TH-35+TH-36+TH-37+TH-38+TH-39+TH-40+TH-41+TH-42+TH-43+TH-44+TH-45+TH-46+TH-47+TH-48+TH-49,OK,7.4500000000,6,20
TP003,REG_ISAN20,T1,D_POST_SA,,REG_ISAN20,OK,98.8924572536,1,1
TP004,REG_ISAN20,T1,A_MEMBER_GEO,TP004,TH-30,OK,100.0000000000,1,1
TP004,REG_ISAN20,T1,A_MEMBER_GEO,TP004,TH-31,OK,100.0000000000,1,1
TP004,REG_ISAN20,T1,A_MEMBER_GEO,TP004,TH-32,NO_SIGNAL,0.0000000000,1,1
TP004,REG_ISAN20,T1,A_MEMBER_GEO,TP004,TH-33,NO_SIGNAL,0.0000000000,1,1
TP004,REG_ISAN20,T1,A_MEMBER_GEO,TP004,TH-34,OK,100.0000000000,1,1
TP004,REG_ISAN20,T1,A_MEMBER_GEO,TP004,TH-35,NO_SIGNAL,0.0000000000,1,1
TP004,REG_ISAN20,T1,A_MEMBER_GEO,TP004,TH-36,NO_SIGNAL,0.0000000000,1,1
TP004,REG_ISAN20,T1,A_MEMBER_GEO,TP004,TH-37,NO_SIGNAL,0.0000000000,1,1
TP004,REG_ISAN20,T1,A_MEMBER_GEO,TP004,TH-38,NO_SIGNAL,0.0000000000,1,1
TP004,REG_ISAN20,T1,A_MEMBER_GEO,TP004,TH-39,NO_SIGNAL,0.0000000000,1,1
TP004,REG_ISAN20,T1,A_MEMBER_GEO,TP004,TH-40,OK,100.0000000000,1,1
TP004,REG_ISAN20,T1,A_MEMBER_GEO,TP004,TH-41,NO_SIGNAL,0.0000000000,1,1
TP004,REG_ISAN20,T1,A_MEMBER_GEO,TP004,TH-42,OK,100.0000000000,1,1
TP004,REG_ISAN20,T1,A_MEMBER_GEO,TP004,TH-43,NO_SIGNAL,0.0000000000,1,1
TP004,REG_ISAN20,T1,A_MEMBER_GEO,TP004,TH-44,NO_SIGNAL,0.0000000000,1,1
TP004,REG_ISAN20,T1,A_MEMBER_GEO,TP004,TH-45,NO_SIGNAL,0.0000000000,1,1
TP004,REG_ISAN20,T1,A_MEMBER_GEO,TP004,TH-46,NO_SIGNAL,0.0000000000,1,1
TP004,REG_ISAN20,T1,A_MEMBER_GEO,TP004,TH-47,OK,100.0000000000,1,1
TP004,REG_ISAN20,T1,A_MEMBER_GEO,TP004,TH-48,NO_SIGNAL,0.0000000000,1,1
TP004,REG_ISAN20,T1,A_MEMBER_GEO,TP004,TH-49,NO_SIGNAL,0.0000000000,1,1
TP004,REG_ISAN20,T1,C_SCOPE,,TH-30+TH-31+TH-32+TH-33+TH-34+TH-35+TH-36+TH-37+TH-38+TH-39+TH-40+TH-41+TH-42+TH-43+TH-44+TH-45+TH-46+TH-47+TH-48+TH-49,OK,7.7000000000,6,20
TP004,REG_ISAN20,T1,D_POST_SA,,REG_ISAN20,OK,101.5173578641,1,1
TU001,REG_ISAN20,T1,A_MEMBER_GEO,TU001,TH-30,OK,100.0000000000,1,1
TU001,REG_ISAN20,T1,A_MEMBER_GEO,TU001,TH-31,OK,100.0000000000,1,1
TU001,REG_ISAN20,T1,A_MEMBER_GEO,TU001,TH-32,OK,100.0000000000,1,1
TU001,REG_ISAN20,T1,A_MEMBER_GEO,TU001,TH-33,OK,100.0000000000,1,1
TU001,REG_ISAN20,T1,A_MEMBER_GEO,TU001,TH-34,OK,100.0000000000,1,1
TU001,REG_ISAN20,T1,A_MEMBER_GEO,TU001,TH-35,OK,100.0000000000,1,1
TU001,REG_ISAN20,T1,A_MEMBER_GEO,TU001,TH-36,OK,100.0000000000,1,1
TU001,REG_ISAN20,T1,A_MEMBER_GEO,TU001,TH-37,NO_SIGNAL,0.0000000000,1,1
TU001,REG_ISAN20,T1,A_MEMBER_GEO,TU001,TH-38,NO_SIGNAL,0.0000000000,1,1
TU001,REG_ISAN20,T1,A_MEMBER_GEO,TU001,TH-39,OK,100.0000000000,1,1
TU001,REG_ISAN20,T1,A_MEMBER_GEO,TU001,TH-40,OK,100.0000000000,1,1
TU001,REG_ISAN20,T1,A_MEMBER_GEO,TU001,TH-41,OK,100.0000000000,1,1
TU001,REG_ISAN20,T1,A_MEMBER_GEO,TU001,TH-42,OK,100.0000000000,1,1
TU001,REG_ISAN20,T1,A_MEMBER_GEO,TU001,TH-43,OK,100.0000000000,1,1
TU001,REG_ISAN20,T1,A_MEMBER_GEO,TU001,TH-44,OK,100.0000000000,1,1
TU001,REG_ISAN20,T1,A_MEMBER_GEO,TU001,TH-45,OK,100.0000000000,1,1
TU001,REG_ISAN20,T1,A_MEMBER_GEO,TU001,TH-46,OK,100.0000000000,1,1
TU001,REG_ISAN20,T1,A_MEMBER_GEO,TU001,TH-47,OK,100.0000000000,1,1
TU001,REG_ISAN20,T1,A_MEMBER_GEO,TU001,TH-48,NO_SIGNAL,0.0000000000,1,1
TU001,REG_ISAN20,T1,A_MEMBER_GEO,TU001,TH-49,NO_SIGNAL,0.0000000000,1,1
TU001,REG_ISAN20,T1,C_SCOPE,,TH-30+TH-31+TH-32+TH-33+TH-34+TH-35+TH-36+TH-37+TH-38+TH-39+TH-40+TH-41+TH-42+TH-43+TH-44+TH-45+TH-46+TH-47+TH-48+TH-49,OK,80.0000000000,16,20
TU001,REG_ISAN20,T1,D_POST_SA,,REG_ISAN20,OK,97.2301953269,1,1
TU002,REG_ISAN20,T1,A_MEMBER_GEO,TU002,TH-30,NO_SIGNAL,0.0000000000,1,1
TU002,REG_ISAN20,T1,A_MEMBER_GEO,TU002,TH-31,NO_SIGNAL,0.0000000000,1,1
TU002,REG_ISAN20,T1,A_MEMBER_GEO,TU002,TH-32,NO_SIGNAL,0.0000000000,1,1
TU002,REG_ISAN20,T1,A_MEMBER_GEO,TU002,TH-33,NO_SIGNAL,0.0000000000,1,1
TU002,REG_ISAN20,T1,A_MEMBER_GEO,TU002,TH-34,NO_SIGNAL,0.0000000000,1,1
TU002,REG_ISAN20,T1,A_MEMBER_GEO,TU002,TH-35,NO_SIGNAL,0.0000000000,1,1
TU002,REG_ISAN20,T1,A_MEMBER_GEO,TU002,TH-36,NO_SIGNAL,0.0000000000,1,1
TU002,REG_ISAN20,T1,A_MEMBER_GEO,TU002,TH-37,NO_SIGNAL,0.0000000000,1,1
TU002,REG_ISAN20,T1,A_MEMBER_GEO,TU002,TH-38,NO_SIGNAL,0.0000000000,1,1
TU002,REG_ISAN20,T1,A_MEMBER_GEO,TU002,TH-39,NO_SIGNAL,0.0000000000,1,1
TU002,REG_ISAN20,T1,A_MEMBER_GEO,TU002,TH-40,NO_SIGNAL,0.0000000000,1,1
TU002,REG_ISAN20,T1,A_MEMBER_GEO,TU002,TH-41,NO_SIGNAL,0.0000000000,1,1
TU002,REG_ISAN20,T1,A_MEMBER_GEO,TU002,TH-42,NO_SIGNAL,0.0000000000,1,1
TU002,REG_ISAN20,T1,A_MEMBER_GEO,TU002,TH-43,NO_SIGNAL,0.0000000000,1,1
TU002,REG_ISAN20,T1,A_MEMBER_GEO,TU002,TH-44,NO_SIGNAL,0.0000000000,1,1
TU002,REG_ISAN20,T1,A_MEMBER_GEO,TU002,TH-45,NO_SIGNAL,0.0000000000,1,1
TU002,REG_ISAN20,T1,A_MEMBER_GEO,TU002,TH-46,NO_SIGNAL,0.0000000000,1,1
TU002,REG_ISAN20,T1,A_MEMBER_GEO,TU002,TH-47,NO_SIGNAL,0.0000000000,1,1
TU002,REG_ISAN20,T1,A_MEMBER_GEO,TU002,TH-48,NO_SIGNAL,0.0000000000,1,1
TU002,REG_ISAN20,T1,A_MEMBER_GEO,TU002,TH-49,NO_SIGNAL,0.0000000000,1,1
TU002,REG_ISAN20,T1,C_SCOPE,,TH-30+TH-31+TH-32+TH-33+TH-34+TH-35+TH-36+TH-37+TH-38+TH-39+TH-40+TH-41+TH-42+TH-43+TH-44+TH-45+TH-46+TH-47+TH-48+TH-49,NO_SIGNAL,0.0000000000,0,20
TU002,REG_ISAN20,T1,D_POST_SA,,REG_ISAN20,NO_SIGNAL,0.0000000000,0,1
TU003,REG_ISAN20,T1,A_MEMBER_GEO,TU003,TH-30,NO_SIGNAL,0.0000000000,1,1
TU003,REG_ISAN20,T1,A_MEMBER_GEO,TU003,TH-31,NO_SIGNAL,0.0000000000,1,1
TU003,REG_ISAN20,T1,A_MEMBER_GEO,TU003,TH-32,NO_SIGNAL,0.0000000000,1,1
TU003,REG_ISAN20,T1,A_MEMBER_GEO,TU003,TH-33,NO_SIGNAL,0.0000000000,1,1
TU003,REG_ISAN20,T1,A_MEMBER_GEO,TU003,TH-34,NO_SIGNAL,0.0000000000,1,1
TU003,REG_ISAN20,T1,A_MEMBER_GEO,TU003,TH-35,NO_SIGNAL,0.0000000000,1,1
TU003,REG_ISAN20,T1,A_MEMBER_GEO,TU003,TH-36,NO_SIGNAL,0.0000000000,1,1
TU003,REG_ISAN20,T1,A_MEMBER_GEO,TU003,TH-37,NO_SIGNAL,0.0000000000,1,1
TU003,REG_ISAN20,T1,A_MEMBER_GEO,TU003,TH-38,NO_SIGNAL,0.0000000000,1,1
TU003,REG_ISAN20,T1,A_MEMBER_GEO,TU003,TH-39,NO_SIGNAL,0.0000000000,1,1
TU003,REG_ISAN20,T1,A_MEMBER_GEO,TU003,TH-40,NO_SIGNAL,0.0000000000,1,1
TU003,REG_ISAN20,T1,A_MEMBER_GEO,TU003,TH-41,NO_SIGNAL,0.0000000000,1,1
TU003,REG_ISAN20,T1,A_MEMBER_GEO,TU003,TH-42,NO_SIGNAL,0.0000000000,1,1
TU003,REG_ISAN20,T1,A_MEMBER_GEO,TU003,TH-43,NO_SIGNAL,0.0000000000,1,1
TU003,REG_ISAN20,T1,A_MEMBER_GEO,TU003,TH-44,OK,25.0000000000,1,1
TU003,REG_ISAN20,T1,A_MEMBER_GEO,TU003,TH-45,NO_SIGNAL,0.0000000000,1,1
TU003,REG_ISAN20,T1,A_MEMBER_GEO,TU003,TH-46,NO_SIGNAL,0.0000000000,1,1
TU003,REG_ISAN20,T1,A_MEMBER_GEO,TU003,TH-47,NO_SIGNAL,0.0000000000,1,1
TU003,REG_ISAN20,T1,A_MEMBER_GEO,TU003,TH-48,NO_SIGNAL,0.0000000000,1,1
TU003,REG_ISAN20,T1,A_MEMBER_GEO,TU003,TH-49,NO_SIGNAL,0.0000000000,1,1
TU003,REG_ISAN20,T1,C_SCOPE,,TH-30+TH-31+TH-32+TH-33+TH-34+TH-35+TH-36+TH-37+TH-38+TH-39+TH-40+TH-41+TH-42+TH-43+TH-44+TH-45+TH-46+TH-47+TH-48+TH-49,OK,5.0000000000,1,20
TU003,REG_ISAN20,T1,D_POST_SA,,REG_ISAN20,OK,99.5180708613,1,1
TU004,REG_ISAN20,T1,A_MEMBER_GEO,TU004,TH-30,OK,100.0000000000,1,1
TU004,REG_ISAN20,T1,A_MEMBER_GEO,TU004,TH-31,NO_SIGNAL,0.0000000000,1,1
TU004,REG_ISAN20,T1,A_MEMBER_GEO,TU004,TH-32,NO_SIGNAL,0.0000000000,1,1
TU004,REG_ISAN20,T1,A_MEMBER_GEO,TU004,TH-33,NO_SIGNAL,0.0000000000,1,1
TU004,REG_ISAN20,T1,A_MEMBER_GEO,TU004,TH-34,OK,100.0000000000,1,1
TU004,REG_ISAN20,T1,A_MEMBER_GEO,TU004,TH-35,NO_SIGNAL,0.0000000000,1,1
TU004,REG_ISAN20,T1,A_MEMBER_GEO,TU004,TH-36,NO_SIGNAL,0.0000000000,1,1
TU004,REG_ISAN20,T1,A_MEMBER_GEO,TU004,TH-37,NO_SIGNAL,0.0000000000,1,1
TU004,REG_ISAN20,T1,A_MEMBER_GEO,TU004,TH-38,NO_SIGNAL,0.0000000000,1,1
TU004,REG_ISAN20,T1,A_MEMBER_GEO,TU004,TH-39,NO_SIGNAL,0.0000000000,1,1
TU004,REG_ISAN20,T1,A_MEMBER_GEO,TU004,TH-40,NO_SIGNAL,0.0000000000,1,1
TU004,REG_ISAN20,T1,A_MEMBER_GEO,TU004,TH-41,NO_SIGNAL,0.0000000000,1,1
TU004,REG_ISAN20,T1,A_MEMBER_GEO,TU004,TH-42,NO_SIGNAL,0.0000000000,1,1
TU004,REG_ISAN20,T1,A_MEMBER_GEO,TU004,TH-43,NO_SIGNAL,0.0000000000,1,1
TU004,REG_ISAN20,T1,A_MEMBER_GEO,TU004,TH-44,NO_SIGNAL,0.0000000000,1,1
TU004,REG_ISAN20,T1,A_MEMBER_GEO,TU004,TH-45,NO_SIGNAL,0.0000000000,1,1
TU004,REG_ISAN20,T1,A_MEMBER_GEO,TU004,TH-46,NO_SIGNAL,0.0000000000,1,1
TU004,REG_ISAN20,T1,A_MEMBER_GEO,TU004,TH-47,NO_SIGNAL,0.0000000000,1,1
TU004,REG_ISAN20,T1,A_MEMBER_GEO,TU004,TH-48,NO_SIGNAL,0.0000000000,1,1
TU004,REG_ISAN20,T1,A_MEMBER_GEO,TU004,TH-49,NO_SIGNAL,0.0000000000,1,1
TU004,REG_ISAN20,T1,C_SCOPE,,TH-30+TH-31+TH-32+TH-33+TH-34+TH-35+TH-36+TH-37+TH-38+TH-39+TH-40+TH-41+TH-42+TH-43+TH-44+TH-45+TH-46+TH-47+TH-48+TH-49,OK,5.0000000000,2,20
TU004,REG_ISAN20,T1,D_POST_SA,,REG_ISAN20,OK,98.1692744987,1,1
TU005,REG_ISAN20,T1,A_MEMBER_GEO,TU005,TH-30,OK,100.0000000000,1,1
TU005,REG_ISAN20,T1,A_MEMBER_GEO,TU005,TH-31,NO_SIGNAL,0.0000000000,1,1
TU005,REG_ISAN20,T1,A_MEMBER_GEO,TU005,TH-32,NO_SIGNAL,0.0000000000,1,1
TU005,REG_ISAN20,T1,A_MEMBER_GEO,TU005,TH-33,NO_SIGNAL,0.0000000000,1,1
TU005,REG_ISAN20,T1,A_MEMBER_GEO,TU005,TH-34,OK,100.0000000000,1,1
TU005,REG_ISAN20,T1,A_MEMBER_GEO,TU005,TH-35,NO_SIGNAL,0.0000000000,1,1
TU005,REG_ISAN20,T1,A_MEMBER_GEO,TU005,TH-36,NO_SIGNAL,0.0000000000,1,1
TU005,REG_ISAN20,T1,A_MEMBER_GEO,TU005,TH-37,NO_SIGNAL,0.0000000000,1,1
TU005,REG_ISAN20,T1,A_MEMBER_GEO,TU005,TH-38,NO_SIGNAL,0.0000000000,1,1
TU005,REG_ISAN20,T1,A_MEMBER_GEO,TU005,TH-39,NO_SIGNAL,0.0000000000,1,1
TU005,REG_ISAN20,T1,A_MEMBER_GEO,TU005,TH-40,OK,100.0000000000,1,1
TU005,REG_ISAN20,T1,A_MEMBER_GEO,TU005,TH-41,OK,100.0000000000,1,1
TU005,REG_ISAN20,T1,A_MEMBER_GEO,TU005,TH-42,NO_SIGNAL,0.0000000000,1,1
TU005,REG_ISAN20,T1,A_MEMBER_GEO,TU005,TH-43,NO_SIGNAL,0.0000000000,1,1
TU005,REG_ISAN20,T1,A_MEMBER_GEO,TU005,TH-44,NO_SIGNAL,0.0000000000,1,1
TU005,REG_ISAN20,T1,A_MEMBER_GEO,TU005,TH-45,NO_SIGNAL,0.0000000000,1,1
TU005,REG_ISAN20,T1,A_MEMBER_GEO,TU005,TH-46,NO_SIGNAL,0.0000000000,1,1
TU005,REG_ISAN20,T1,A_MEMBER_GEO,TU005,TH-47,NO_SIGNAL,0.0000000000,1,1
TU005,REG_ISAN20,T1,A_MEMBER_GEO,TU005,TH-48,NO_SIGNAL,0.0000000000,1,1
TU005,REG_ISAN20,T1,A_MEMBER_GEO,TU005,TH-49,NO_SIGNAL,0.0000000000,1,1
TU005,REG_ISAN20,T1,C_SCOPE,,TH-30+TH-31+TH-32+TH-33+TH-34+TH-35+TH-36+TH-37+TH-38+TH-39+TH-40+TH-41+TH-42+TH-43+TH-44+TH-45+TH-46+TH-47+TH-48+TH-49,OK,6.3000000000,4,20
TU005,REG_ISAN20,T1,D_POST_SA,,REG_ISAN20,OK,93.3736403803,1,1
NP001,REG_ISAN20,T1,A_MEMBER_GEO,NP001,TH-30,NO_SIGNAL,0.0000000000,1,1
NP001,REG_ISAN20,T1,A_MEMBER_GEO,NP001,TH-31,NO_SIGNAL,0.0000000000,1,1
NP001,REG_ISAN20,T1,A_MEMBER_GEO,NP001,TH-32,NO_SIGNAL,0.0000000000,1,1
NP001,REG_ISAN20,T1,A_MEMBER_GEO,NP001,TH-33,NO_SIGNAL,0.0000000000,1,1
NP001,REG_ISAN20,T1,A_MEMBER_GEO,NP001,TH-34,NO_SIGNAL,0.0000000000,1,1
NP001,REG_ISAN20,T1,A_MEMBER_GEO,NP001,TH-35,NO_SIGNAL,0.0000000000,1,1
NP001,REG_ISAN20,T1,A_MEMBER_GEO,NP001,TH-36,NO_SIGNAL,0.0000000000,1,1
NP001,REG_ISAN20,T1,A_MEMBER_GEO,NP001,TH-37,NO_SIGNAL,0.0000000000,1,1
NP001,REG_ISAN20,T1,A_MEMBER_GEO,NP001,TH-38,NO_SIGNAL,0.0000000000,1,1
NP001,REG_ISAN20,T1,A_MEMBER_GEO,NP001,TH-39,NO_SIGNAL,0.0000000000,1,1
NP001,REG_ISAN20,T1,A_MEMBER_GEO,NP001,TH-40,NO_SIGNAL,0.0000000000,1,1
NP001,REG_ISAN20,T1,A_MEMBER_GEO,NP001,TH-41,NO_SIGNAL,0.0000000000,1,1
NP001,REG_ISAN20,T1,A_MEMBER_GEO,NP001,TH-42,NO_SIGNAL,0.0000000000,1,1
NP001,REG_ISAN20,T1,A_MEMBER_GEO,NP001,TH-43,NO_SIGNAL,0.0000000000,1,1
NP001,REG_ISAN20,T1,A_MEMBER_GEO,NP001,TH-44,NO_SIGNAL,0.0000000000,1,1
NP001,REG_ISAN20,T1,A_MEMBER_GEO,NP001,TH-45,NO_SIGNAL,0.0000000000,1,1
NP001,REG_ISAN20,T1,A_MEMBER_GEO,NP001,TH-46,NO_SIGNAL,0.0000000000,1,1
NP001,REG_ISAN20,T1,A_MEMBER_GEO,NP001,TH-47,NO_SIGNAL,0.0000000000,1,1
NP001,REG_ISAN20,T1,A_MEMBER_GEO,NP001,TH-48,NO_SIGNAL,0.0000000000,1,1
NP001,REG_ISAN20,T1,A_MEMBER_GEO,NP001,TH-49,NO_SIGNAL,0.0000000000,1,1
NP001,REG_ISAN20,T1,C_SCOPE,,TH-30+TH-31+TH-32+TH-33+TH-34+TH-35+TH-36+TH-37+TH-38+TH-39+TH-40+TH-41+TH-42+TH-43+TH-44+TH-45+TH-46+TH-47+TH-48+TH-49,NO_SIGNAL,0.0000000000,0,20
NP001,REG_ISAN20,T1,D_POST_SA,,REG_ISAN20,NO_SIGNAL,0.0000000000,0,1
NP002,REG_ISAN20,T1,A_MEMBER_GEO,NP002,TH-30,OK,100.0000000000,1,1
NP002,REG_ISAN20,T1,A_MEMBER_GEO,NP002,TH-31,OK,100.0000000000,1,1
NP002,REG_ISAN20,T1,A_MEMBER_GEO,NP002,TH-32,OK,100.0000000000,1,1
NP002,REG_ISAN20,T1,A_MEMBER_GEO,NP002,TH-33,OK,100.0000000000,1,1
NP002,REG_ISAN20,T1,A_MEMBER_GEO,NP002,TH-34,OK,100.0000000000,1,1
NP002,REG_ISAN20,T1,A_MEMBER_GEO,NP002,TH-35,NO_SIGNAL,0.0000000000,1,1
NP002,REG_ISAN20,T1,A_MEMBER_GEO,NP002,TH-36,OK,100.0000000000,1,1
NP002,REG_ISAN20,T1,A_MEMBER_GEO,NP002,TH-37,NO_SIGNAL,0.0000000000,1,1
NP002,REG_ISAN20,T1,A_MEMBER_GEO,NP002,TH-38,NO_SIGNAL,0.0000000000,1,1
NP002,REG_ISAN20,T1,A_MEMBER_GEO,NP002,TH-39,NO_SIGNAL,0.0000000000,1,1
NP002,REG_ISAN20,T1,A_MEMBER_GEO,NP002,TH-40,OK,100.0000000000,1,1
NP002,REG_ISAN20,T1,A_MEMBER_GEO,NP002,TH-41,OK,100.0000000000,1,1
NP002,REG_ISAN20,T1,A_MEMBER_GEO,NP002,TH-42,OK,100.0000000000,1,1
NP002,REG_ISAN20,T1,A_MEMBER_GEO,NP002,TH-43,NO_SIGNAL,0.0000000000,1,1
NP002,REG_ISAN20,T1,A_MEMBER_GEO,NP002,TH-44,NO_SIGNAL,0.0000000000,1,1
NP002,REG_ISAN20,T1,A_MEMBER_GEO,NP002,TH-45,OK,100.0000000000,1,1
NP002,REG_ISAN20,T1,A_MEMBER_GEO,NP002,TH-46,NO_SIGNAL,0.0000000000,1,1
NP002,REG_ISAN20,T1,A_MEMBER_GEO,NP002,TH-47,OK,100.0000000000,1,1
NP002,REG_ISAN20,T1,A_MEMBER_GEO,NP002,TH-48,NO_SIGNAL,0.0000000000,1,1
NP002,REG_ISAN20,T1,A_MEMBER_GEO,NP002,TH-49,NO_SIGNAL,0.0000000000,1,1
NP002,REG_ISAN20,T1,C_SCOPE,,TH-30+TH-31+TH-32+TH-33+TH-34+TH-35+TH-36+TH-37+TH-38+TH-39+TH-40+TH-41+TH-42+TH-43+TH-44+TH-45+TH-46+TH-47+TH-48+TH-49,OK,18.3500000000,11,20
NP002,REG_ISAN20,T1,D_POST_SA,,REG_ISAN20,OK,89.0645994881,1,1
NP003,REG_ISAN20,T1,A_MEMBER_GEO,NP003,TH-30,OK,87.0000000000,1,1
NP003,REG_ISAN20,T1,A_MEMBER_GEO,NP003,TH-31,OK,100.0000000000,1,1
NP003,REG_ISAN20,T1,A_MEMBER_GEO,NP003,TH-32,OK,100.0000000000,1,1
NP003,REG_ISAN20,T1,A_MEMBER_GEO,NP003,TH-33,OK,100.0000000000,1,1
NP003,REG_ISAN20,T1,A_MEMBER_GEO,NP003,TH-34,OK,100.0000000000,1,1
NP003,REG_ISAN20,T1,A_MEMBER_GEO,NP003,TH-35,NO_SIGNAL,0.0000000000,1,1
NP003,REG_ISAN20,T1,A_MEMBER_GEO,NP003,TH-36,NO_SIGNAL,0.0000000000,1,1
NP003,REG_ISAN20,T1,A_MEMBER_GEO,NP003,TH-37,NO_SIGNAL,0.0000000000,1,1
NP003,REG_ISAN20,T1,A_MEMBER_GEO,NP003,TH-38,NO_SIGNAL,0.0000000000,1,1
NP003,REG_ISAN20,T1,A_MEMBER_GEO,NP003,TH-39,NO_SIGNAL,0.0000000000,1,1
NP003,REG_ISAN20,T1,A_MEMBER_GEO,NP003,TH-40,OK,100.0000000000,1,1
NP003,REG_ISAN20,T1,A_MEMBER_GEO,NP003,TH-41,OK,100.0000000000,1,1
NP003,REG_ISAN20,T1,A_MEMBER_GEO,NP003,TH-42,NO_SIGNAL,0.0000000000,1,1
NP003,REG_ISAN20,T1,A_MEMBER_GEO,NP003,TH-43,OK,100.0000000000,1,1
NP003,REG_ISAN20,T1,A_MEMBER_GEO,NP003,TH-44,OK,100.0000000000,1,1
NP003,REG_ISAN20,T1,A_MEMBER_GEO,NP003,TH-45,OK,100.0000000000,1,1
NP003,REG_ISAN20,T1,A_MEMBER_GEO,NP003,TH-46,NO_SIGNAL,0.0000000000,1,1
NP003,REG_ISAN20,T1,A_MEMBER_GEO,NP003,TH-47,OK,100.0000000000,1,1
NP003,REG_ISAN20,T1,A_MEMBER_GEO,NP003,TH-48,NO_SIGNAL,0.0000000000,1,1
NP003,REG_ISAN20,T1,A_MEMBER_GEO,NP003,TH-49,NO_SIGNAL,0.0000000000,1,1
NP003,REG_ISAN20,T1,C_SCOPE,,TH-30+TH-31+TH-32+TH-33+TH-34+TH-35+TH-36+TH-37+TH-38+TH-39+TH-40+TH-41+TH-42+TH-43+TH-44+TH-45+TH-46+TH-47+TH-48+TH-49,OK,20.9275862069,11,20
NP003,REG_ISAN20,T1,D_POST_SA,,REG_ISAN20,OK,82.2059808389,1,1
NP004,REG_ISAN20,T1,A_MEMBER_GEO,NP004,TH-30,NO_SIGNAL,0.0000000000,1,1
NP004,REG_ISAN20,T1,A_MEMBER_GEO,NP004,TH-31,NO_SIGNAL,0.0000000000,1,1
NP004,REG_ISAN20,T1,A_MEMBER_GEO,NP004,TH-32,NO_SIGNAL,0.0000000000,1,1
NP004,REG_ISAN20,T1,A_MEMBER_GEO,NP004,TH-33,NO_SIGNAL,0.0000000000,1,1
NP004,REG_ISAN20,T1,A_MEMBER_GEO,NP004,TH-34,NO_SIGNAL,0.0000000000,1,1
NP004,REG_ISAN20,T1,A_MEMBER_GEO,NP004,TH-35,NO_SIGNAL,0.0000000000,1,1
NP004,REG_ISAN20,T1,A_MEMBER_GEO,NP004,TH-36,NO_SIGNAL,0.0000000000,1,1
NP004,REG_ISAN20,T1,A_MEMBER_GEO,NP004,TH-37,NO_SIGNAL,0.0000000000,1,1
NP004,REG_ISAN20,T1,A_MEMBER_GEO,NP004,TH-38,NO_SIGNAL,0.0000000000,1,1
NP004,REG_ISAN20,T1,A_MEMBER_GEO,NP004,TH-39,NO_SIGNAL,0.0000000000,1,1
NP004,REG_ISAN20,T1,A_MEMBER_GEO,NP004,TH-40,NO_SIGNAL,0.0000000000,1,1
NP004,REG_ISAN20,T1,A_MEMBER_GEO,NP004,TH-41,NO_SIGNAL,0.0000000000,1,1
NP004,REG_ISAN20,T1,A_MEMBER_GEO,NP004,TH-42,NO_SIGNAL,0.0000000000,1,1
NP004,REG_ISAN20,T1,A_MEMBER_GEO,NP004,TH-43,NO_SIGNAL,0.0000000000,1,1
NP004,REG_ISAN20,T1,A_MEMBER_GEO,NP004,TH-44,NO_SIGNAL,0.0000000000,1,1
NP004,REG_ISAN20,T1,A_MEMBER_GEO,NP004,TH-45,NO_SIGNAL,0.0000000000,1,1
NP004,REG_ISAN20,T1,A_MEMBER_GEO,NP004,TH-46,NO_SIGNAL,0.0000000000,1,1
NP004,REG_ISAN20,T1,A_MEMBER_GEO,NP004,TH-47,NO_SIGNAL,0.0000000000,1,1
NP004,REG_ISAN20,T1,A_MEMBER_GEO,NP004,TH-48,NO_SIGNAL,0.0000000000,1,1
NP004,REG_ISAN20,T1,A_MEMBER_GEO,NP004,TH-49,NO_SIGNAL,0.0000000000,1,1
NP004,REG_ISAN20,T1,C_SCOPE,,TH-30+TH-31+TH-32+TH-33+TH-34+TH-35+TH-36+TH-37+TH-38+TH-39+TH-40+TH-41+TH-42+TH-43+TH-44+TH-45+TH-46+TH-47+TH-48+TH-49,NO_SIGNAL,0.0000000000,0,20
NP004,REG_ISAN20,T1,D_POST_SA,,REG_ISAN20,NO_SIGNAL,0.0000000000,0,1
NU001,REG_ISAN20,T1,A_MEMBER_GEO,NU001,TH-30,NO_SIGNAL,0.0000000000,1,1
NU001,REG_ISAN20,T1,A_MEMBER_GEO,NU001,TH-31,NO_SIGNAL,0.0000000000,1,1
NU001,REG_ISAN20,T1,A_MEMBER_GEO,NU001,TH-32,NO_SIGNAL,0.0000000000,1,1
NU001,REG_ISAN20,T1,A_MEMBER_GEO,NU001,TH-33,NO_SIGNAL,0.0000000000,1,1
NU001,REG_ISAN20,T1,A_MEMBER_GEO,NU001,TH-34,NO_SIGNAL,0.0000000000,1,1
NU001,REG_ISAN20,T1,A_MEMBER_GEO,NU001,TH-35,NO_SIGNAL,0.0000000000,1,1
NU001,REG_ISAN20,T1,A_MEMBER_GEO,NU001,TH-36,NO_SIGNAL,0.0000000000,1,1
NU001,REG_ISAN20,T1,A_MEMBER_GEO,NU001,TH-37,NO_SIGNAL,0.0000000000,1,1
NU001,REG_ISAN20,T1,A_MEMBER_GEO,NU001,TH-38,NO_SIGNAL,0.0000000000,1,1
NU001,REG_ISAN20,T1,A_MEMBER_GEO,NU001,TH-39,NO_SIGNAL,0.0000000000,1,1
NU001,REG_ISAN20,T1,A_MEMBER_GEO,NU001,TH-40,NO_SIGNAL,0.0000000000,1,1
NU001,REG_ISAN20,T1,A_MEMBER_GEO,NU001,TH-41,NO_SIGNAL,0.0000000000,1,1
NU001,REG_ISAN20,T1,A_MEMBER_GEO,NU001,TH-42,NO_SIGNAL,0.0000000000,1,1
NU001,REG_ISAN20,T1,A_MEMBER_GEO,NU001,TH-43,NO_SIGNAL,0.0000000000,1,1
NU001,REG_ISAN20,T1,A_MEMBER_GEO,NU001,TH-44,NO_SIGNAL,0.0000000000,1,1
NU001,REG_ISAN20,T1,A_MEMBER_GEO,NU001,TH-45,NO_SIGNAL,0.0000000000,1,1
NU001,REG_ISAN20,T1,A_MEMBER_GEO,NU001,TH-46,NO_SIGNAL,0.0000000000,1,1
NU001,REG_ISAN20,T1,A_MEMBER_GEO,NU001,TH-47,NO_SIGNAL,0.0000000000,1,1
NU001,REG_ISAN20,T1,A_MEMBER_GEO,NU001,TH-48,NO_SIGNAL,0.0000000000,1,1
NU001,REG_ISAN20,T1,A_MEMBER_GEO,NU001,TH-49,NO_SIGNAL,0.0000000000,1,1
NU001,REG_ISAN20,T1,C_SCOPE,,TH-30+TH-31+TH-32+TH-33+TH-34+TH-35+TH-36+TH-37+TH-38+TH-39+TH-40+TH-41+TH-42+TH-43+TH-44+TH-45+TH-46+TH-47+TH-48+TH-49,NO_SIGNAL,0.0000000000,0,20
NU001,REG_ISAN20,T1,D_POST_SA,,REG_ISAN20,NO_SIGNAL,0.0000000000,0,1
NU002,REG_ISAN20,T1,A_MEMBER_GEO,NU002,TH-30,OK,100.0000000000,1,1
NU002,REG_ISAN20,T1,A_MEMBER_GEO,NU002,TH-31,OK,24.0000000000,1,1
NU002,REG_ISAN20,T1,A_MEMBER_GEO,NU002,TH-32,NO_SIGNAL,0.0000000000,1,1
NU002,REG_ISAN20,T1,A_MEMBER_GEO,NU002,TH-33,NO_SIGNAL,0.0000000000,1,1
NU002,REG_ISAN20,T1,A_MEMBER_GEO,NU002,TH-34,OK,100.0000000000,1,1
NU002,REG_ISAN20,T1,A_MEMBER_GEO,NU002,TH-35,NO_SIGNAL,0.0000000000,1,1
NU002,REG_ISAN20,T1,A_MEMBER_GEO,NU002,TH-36,OK,34.0000000000,1,1
NU002,REG_ISAN20,T1,A_MEMBER_GEO,NU002,TH-37,NO_SIGNAL,0.0000000000,1,1
NU002,REG_ISAN20,T1,A_MEMBER_GEO,NU002,TH-38,NO_SIGNAL,0.0000000000,1,1
NU002,REG_ISAN20,T1,A_MEMBER_GEO,NU002,TH-39,NO_SIGNAL,0.0000000000,1,1
NU002,REG_ISAN20,T1,A_MEMBER_GEO,NU002,TH-40,OK,100.0000000000,1,1
NU002,REG_ISAN20,T1,A_MEMBER_GEO,NU002,TH-41,NO_SIGNAL,0.0000000000,1,1
NU002,REG_ISAN20,T1,A_MEMBER_GEO,NU002,TH-42,NO_SIGNAL,0.0000000000,1,1
NU002,REG_ISAN20,T1,A_MEMBER_GEO,NU002,TH-43,NO_SIGNAL,0.0000000000,1,1
NU002,REG_ISAN20,T1,A_MEMBER_GEO,NU002,TH-44,NO_SIGNAL,0.0000000000,1,1
NU002,REG_ISAN20,T1,A_MEMBER_GEO,NU002,TH-45,NO_SIGNAL,0.0000000000,1,1
NU002,REG_ISAN20,T1,A_MEMBER_GEO,NU002,TH-46,OK,100.0000000000,1,1
NU002,REG_ISAN20,T1,A_MEMBER_GEO,NU002,TH-47,NO_SIGNAL,0.0000000000,1,1
NU002,REG_ISAN20,T1,A_MEMBER_GEO,NU002,TH-48,NO_SIGNAL,0.0000000000,1,1
NU002,REG_ISAN20,T1,A_MEMBER_GEO,NU002,TH-49,NO_SIGNAL,0.0000000000,1,1
NU002,REG_ISAN20,T1,C_SCOPE,,TH-30+TH-31+TH-32+TH-33+TH-34+TH-35+TH-36+TH-37+TH-38+TH-39+TH-40+TH-41+TH-42+TH-43+TH-44+TH-45+TH-46+TH-47+TH-48+TH-49,OK,12.1000000000,6,20
NU002,REG_ISAN20,T1,D_POST_SA,,REG_ISAN20,OK,90.8383034925,1,1
NU003,REG_ISAN20,T1,A_MEMBER_GEO,NU003,TH-30,NO_SIGNAL,0.0000000000,1,1
NU003,REG_ISAN20,T1,A_MEMBER_GEO,NU003,TH-31,NO_SIGNAL,0.0000000000,1,1
NU003,REG_ISAN20,T1,A_MEMBER_GEO,NU003,TH-32,NO_SIGNAL,0.0000000000,1,1
NU003,REG_ISAN20,T1,A_MEMBER_GEO,NU003,TH-33,NO_SIGNAL,0.0000000000,1,1
NU003,REG_ISAN20,T1,A_MEMBER_GEO,NU003,TH-34,NO_SIGNAL,0.0000000000,1,1
NU003,REG_ISAN20,T1,A_MEMBER_GEO,NU003,TH-35,NO_SIGNAL,0.0000000000,1,1
NU003,REG_ISAN20,T1,A_MEMBER_GEO,NU003,TH-36,NO_SIGNAL,0.0000000000,1,1
NU003,REG_ISAN20,T1,A_MEMBER_GEO,NU003,TH-37,NO_SIGNAL,0.0000000000,1,1
NU003,REG_ISAN20,T1,A_MEMBER_GEO,NU003,TH-38,NO_SIGNAL,0.0000000000,1,1
NU003,REG_ISAN20,T1,A_MEMBER_GEO,NU003,TH-39,NO_SIGNAL,0.0000000000,1,1
NU003,REG_ISAN20,T1,A_MEMBER_GEO,NU003,TH-40,NO_SIGNAL,0.0000000000,1,1
NU003,REG_ISAN20,T1,A_MEMBER_GEO,NU003,TH-41,NO_SIGNAL,0.0000000000,1,1
NU003,REG_ISAN20,T1,A_MEMBER_GEO,NU003,TH-42,NO_SIGNAL,0.0000000000,1,1
NU003,REG_ISAN20,T1,A_MEMBER_GEO,NU003,TH-43,NO_SIGNAL,0.0000000000,1,1
NU003,REG_ISAN20,T1,A_MEMBER_GEO,NU003,TH-44,NO_SIGNAL,0.0000000000,1,1
NU003,REG_ISAN20,T1,A_MEMBER_GEO,NU003,TH-45,NO_SIGNAL,0.0000000000,1,1
NU003,REG_ISAN20,T1,A_MEMBER_GEO,NU003,TH-46,NO_SIGNAL,0.0000000000,1,1
NU003,REG_ISAN20,T1,A_MEMBER_GEO,NU003,TH-47,NO_SIGNAL,0.0000000000,1,1
NU003,REG_ISAN20,T1,A_MEMBER_GEO,NU003,TH-48,NO_SIGNAL,0.0000000000,1,1
NU003,REG_ISAN20,T1,A_MEMBER_GEO,NU003,TH-49,NO_SIGNAL,0.0000000000,1,1
NU003,REG_ISAN20,T1,C_SCOPE,,TH-30+TH-31+TH-32+TH-33+TH-34+TH-35+TH-36+TH-37+TH-38+TH-39+TH-40+TH-41+TH-42+TH-43+TH-44+TH-45+TH-46+TH-47+TH-48+TH-49,NO_SIGNAL,0.0000000000,0,20
NU003,REG_ISAN20,T1,D_POST_SA,,REG_ISAN20,NO_SIGNAL,0.0000000000,0,1
NU004,REG_ISAN20,T1,A_MEMBER_GEO,NU004,TH-30,NO_SIGNAL,0.0000000000,1,1
NU004,REG_ISAN20,T1,A_MEMBER_GEO,NU004,TH-31,NO_SIGNAL,0.0000000000,1,1
NU004,REG_ISAN20,T1,A_MEMBER_GEO,NU004,TH-32,NO_SIGNAL,0.0000000000,1,1
NU004,REG_ISAN20,T1,A_MEMBER_GEO,NU004,TH-33,NO_SIGNAL,0.0000000000,1,1
NU004,REG_ISAN20,T1,A_MEMBER_GEO,NU004,TH-34,NO_SIGNAL,0.0000000000,1,1
NU004,REG_ISAN20,T1,A_MEMBER_GEO,NU004,TH-35,NO_SIGNAL,0.0000000000,1,1
NU004,REG_ISAN20,T1,A_MEMBER_GEO,NU004,TH-36,NO_SIGNAL,0.0000000000,1,1
NU004,REG_ISAN20,T1,A_MEMBER_GEO,NU004,TH-37,NO_SIGNAL,0.0000000000,1,1
NU004,REG_ISAN20,T1,A_MEMBER_GEO,NU004,TH-38,NO_SIGNAL,0.0000000000,1,1
NU004,REG_ISAN20,T1,A_MEMBER_GEO,NU004,TH-39,NO_SIGNAL,0.0000000000,1,1
NU004,REG_ISAN20,T1,A_MEMBER_GEO,NU004,TH-40,NO_SIGNAL,0.0000000000,1,1
NU004,REG_ISAN20,T1,A_MEMBER_GEO,NU004,TH-41,NO_SIGNAL,0.0000000000,1,1
NU004,REG_ISAN20,T1,A_MEMBER_GEO,NU004,TH-42,NO_SIGNAL,0.0000000000,1,1
NU004,REG_ISAN20,T1,A_MEMBER_GEO,NU004,TH-43,NO_SIGNAL,0.0000000000,1,1
NU004,REG_ISAN20,T1,A_MEMBER_GEO,NU004,TH-44,NO_SIGNAL,0.0000000000,1,1
NU004,REG_ISAN20,T1,A_MEMBER_GEO,NU004,TH-45,NO_SIGNAL,0.0000000000,1,1
NU004,REG_ISAN20,T1,A_MEMBER_GEO,NU004,TH-46,NO_SIGNAL,0.0000000000,1,1
NU004,REG_ISAN20,T1,A_MEMBER_GEO,NU004,TH-47,NO_SIGNAL,0.0000000000,1,1
NU004,REG_ISAN20,T1,A_MEMBER_GEO,NU004,TH-48,NO_SIGNAL,0.0000000000,1,1
NU004,REG_ISAN20,T1,A_MEMBER_GEO,NU004,TH-49,NO_SIGNAL,0.0000000000,1,1
NU004,REG_ISAN20,T1,C_SCOPE,,TH-30+TH-31+TH-32+TH-33+TH-34+TH-35+TH-36+TH-37+TH-38+TH-39+TH-40+TH-41+TH-42+TH-43+TH-44+TH-45+TH-46+TH-47+TH-48+TH-49,NO_SIGNAL,0.0000000000,0,20
NU004,REG_ISAN20,T1,D_POST_SA,,REG_ISAN20,NO_SIGNAL,0.0000000000,0,1
NP005,REG_ISAN20,T1,A_MEMBER_GEO,NP005,TH-30,OK,100.0000000000,1,1
NP005,REG_ISAN20,T1,A_MEMBER_GEO,NP005,TH-31,OK,97.0000000000,1,1
NP005,REG_ISAN20,T1,A_MEMBER_GEO,NP005,TH-32,OK,100.0000000000,1,1
NP005,REG_ISAN20,T1,A_MEMBER_GEO,NP005,TH-33,OK,82.0000000000,1,1
NP005,REG_ISAN20,T1,A_MEMBER_GEO,NP005,TH-34,OK,100.0000000000,1,1
NP005,REG_ISAN20,T1,A_MEMBER_GEO,NP005,TH-35,OK,100.0000000000,1,1
NP005,REG_ISAN20,T1,A_MEMBER_GEO,NP005,TH-36,OK,100.0000000000,1,1
NP005,REG_ISAN20,T1,A_MEMBER_GEO,NP005,TH-37,OK,100.0000000000,1,1
NP005,REG_ISAN20,T1,A_MEMBER_GEO,NP005,TH-38,OK,100.0000000000,1,1
NP005,REG_ISAN20,T1,A_MEMBER_GEO,NP005,TH-39,OK,100.0000000000,1,1
NP005,REG_ISAN20,T1,A_MEMBER_GEO,NP005,TH-40,OK,100.0000000000,1,1
NP005,REG_ISAN20,T1,A_MEMBER_GEO,NP005,TH-41,OK,100.0000000000,1,1
NP005,REG_ISAN20,T1,A_MEMBER_GEO,NP005,TH-42,OK,100.0000000000,1,1
NP005,REG_ISAN20,T1,A_MEMBER_GEO,NP005,TH-43,OK,100.0000000000,1,1
NP005,REG_ISAN20,T1,A_MEMBER_GEO,NP005,TH-44,OK,100.0000000000,1,1
NP005,REG_ISAN20,T1,A_MEMBER_GEO,NP005,TH-45,OK,100.0000000000,1,1
NP005,REG_ISAN20,T1,A_MEMBER_GEO,NP005,TH-46,OK,100.0000000000,1,1
NP005,REG_ISAN20,T1,A_MEMBER_GEO,NP005,TH-47,OK,100.0000000000,1,1
NP005,REG_ISAN20,T1,A_MEMBER_GEO,NP005,TH-48,OK,100.0000000000,1,1
NP005,REG_ISAN20,T1,A_MEMBER_GEO,NP005,TH-49,OK,100.0000000000,1,1
NP005,REG_ISAN20,T1,C_SCOPE,,TH-30+TH-31+TH-32+TH-33+TH-34+TH-35+TH-36+TH-37+TH-38+TH-39+TH-40+TH-41+TH-42+TH-43+TH-44+TH-45+TH-46+TH-47+TH-48+TH-49,OK,76.2993210963,20,20
NP005,REG_ISAN20,T1,D_POST_SA,,REG_ISAN20,OK,92.8181173124,1,1
NP006,REG_ISAN20,T1,A_MEMBER_GEO,NP006,TH-30,OK,100.0000000000,1,1
NP006,REG_ISAN20,T1,A_MEMBER_GEO,NP006,TH-31,OK,100.0000000000,1,1
NP006,REG_ISAN20,T1,A_MEMBER_GEO,NP006,TH-32,OK,100.0000000000,1,1
NP006,REG_ISAN20,T1,A_MEMBER_GEO,NP006,TH-33,OK,100.0000000000,1,1
NP006,REG_ISAN20,T1,A_MEMBER_GEO,NP006,TH-34,OK,100.0000000000,1,1
NP006,REG_ISAN20,T1,A_MEMBER_GEO,NP006,TH-35,OK,100.0000000000,1,1
NP006,REG_ISAN20,T1,A_MEMBER_GEO,NP006,TH-36,OK,100.0000000000,1,1
NP006,REG_ISAN20,T1,A_MEMBER_GEO,NP006,TH-37,OK,100.0000000000,1,1
NP006,REG_ISAN20,T1,A_MEMBER_GEO,NP006,TH-38,OK,100.0000000000,1,1
NP006,REG_ISAN20,T1,A_MEMBER_GEO,NP006,TH-39,OK,100.0000000000,1,1
NP006,REG_ISAN20,T1,A_MEMBER_GEO,NP006,TH-40,OK,100.0000000000,1,1
NP006,REG_ISAN20,T1,A_MEMBER_GEO,NP006,TH-41,OK,100.0000000000,1,1
NP006,REG_ISAN20,T1,A_MEMBER_GEO,NP006,TH-42,OK,100.0000000000,1,1
NP006,REG_ISAN20,T1,A_MEMBER_GEO,NP006,TH-43,OK,100.0000000000,1,1
NP006,REG_ISAN20,T1,A_MEMBER_GEO,NP006,TH-44,OK,100.0000000000,1,1
NP006,REG_ISAN20,T1,A_MEMBER_GEO,NP006,TH-45,OK,100.0000000000,1,1
NP006,REG_ISAN20,T1,A_MEMBER_GEO,NP006,TH-46,OK,100.0000000000,1,1
NP006,REG_ISAN20,T1,A_MEMBER_GEO,NP006,TH-47,OK,100.0000000000,1,1
NP006,REG_ISAN20,T1,A_MEMBER_GEO,NP006,TH-48,OK,100.0000000000,1,1
NP006,REG_ISAN20,T1,A_MEMBER_GEO,NP006,TH-49,OK,100.0000000000,1,1
NP006,REG_ISAN20,T1,C_SCOPE,,TH-30+TH-31+TH-32+TH-33+TH-34+TH-35+TH-36+TH-37+TH-38+TH-39+TH-40+TH-41+TH-42+TH-43+TH-44+TH-45+TH-46+TH-47+TH-48+TH-49,OK,100.0000000000,20,20
NP006,REG_ISAN20,T1,D_POST_SA,,REG_ISAN20,OK,97.7793967184,1,1
FU016,REG_ISAN20,T1,A_MEMBER_GEO,FU016,TH-30,OK,100.0000000000,1,1
FU016,REG_ISAN20,T1,A_MEMBER_GEO,FU016,TH-31,OK,100.0000000000,1,1
FU016,REG_ISAN20,T1,A_MEMBER_GEO,FU016,TH-32,OK,100.0000000000,1,1
FU016,REG_ISAN20,T1,A_MEMBER_GEO,FU016,TH-33,OK,100.0000000000,1,1
FU016,REG_ISAN20,T1,A_MEMBER_GEO,FU016,TH-34,OK,100.0000000000,1,1
FU016,REG_ISAN20,T1,A_MEMBER_GEO,FU016,TH-35,OK,100.0000000000,1,1
FU016,REG_ISAN20,T1,A_MEMBER_GEO,FU016,TH-36,OK,100.0000000000,1,1
FU016,REG_ISAN20,T1,A_MEMBER_GEO,FU016,TH-37,OK,100.0000000000,1,1
FU016,REG_ISAN20,T1,A_MEMBER_GEO,FU016,TH-38,OK,100.0000000000,1,1
FU016,REG_ISAN20,T1,A_MEMBER_GEO,FU016,TH-39,OK,100.0000000000,1,1
FU016,REG_ISAN20,T1,A_MEMBER_GEO,FU016,TH-40,OK,100.0000000000,1,1
FU016,REG_ISAN20,T1,A_MEMBER_GEO,FU016,TH-41,OK,100.0000000000,1,1
FU016,REG_ISAN20,T1,A_MEMBER_GEO,FU016,TH-42,OK,100.0000000000,1,1
FU016,REG_ISAN20,T1,A_MEMBER_GEO,FU016,TH-43,OK,100.0000000000,1,1
FU016,REG_ISAN20,T1,A_MEMBER_GEO,FU016,TH-44,OK,100.0000000000,1,1
FU016,REG_ISAN20,T1,A_MEMBER_GEO,FU016,TH-45,OK,100.0000000000,1,1
FU016,REG_ISAN20,T1,A_MEMBER_GEO,FU016,TH-46,OK,100.0000000000,1,1
FU016,REG_ISAN20,T1,A_MEMBER_GEO,FU016,TH-47,OK,100.0000000000,1,1
FU016,REG_ISAN20,T1,A_MEMBER_GEO,FU016,TH-48,OK,100.0000000000,1,1
FU016,REG_ISAN20,T1,A_MEMBER_GEO,FU016,TH-49,OK,100.0000000000,1,1
FU016,REG_ISAN20,T1,C_SCOPE,,TH-30+TH-31+TH-32+TH-33+TH-34+TH-35+TH-36+TH-37+TH-38+TH-39+TH-40+TH-41+TH-42+TH-43+TH-44+TH-45+TH-46+TH-47+TH-48+TH-49,OK,98.9000000000,20,20
FU016,REG_ISAN20,T1,D_POST_SA,,REG_ISAN20,OK,100.1336003912,1,1
FU017,REG_ISAN20,T1,A_MEMBER_GEO,FU017,TH-30,OK,100.0000000000,1,1
FU017,REG_ISAN20,T1,A_MEMBER_GEO,FU017,TH-31,OK,100.0000000000,1,1
FU017,REG_ISAN20,T1,A_MEMBER_GEO,FU017,TH-32,OK,100.0000000000,1,1
FU017,REG_ISAN20,T1,A_MEMBER_GEO,FU017,TH-33,OK,100.0000000000,1,1
FU017,REG_ISAN20,T1,A_MEMBER_GEO,FU017,TH-34,OK,100.0000000000,1,1
FU017,REG_ISAN20,T1,A_MEMBER_GEO,FU017,TH-35,NO_SIGNAL,0.0000000000,1,1
FU017,REG_ISAN20,T1,A_MEMBER_GEO,FU017,TH-36,OK,100.0000000000,1,1
FU017,REG_ISAN20,T1,A_MEMBER_GEO,FU017,TH-37,OK,100.0000000000,1,1
FU017,REG_ISAN20,T1,A_MEMBER_GEO,FU017,TH-38,NO_SIGNAL,0.0000000000,1,1
FU017,REG_ISAN20,T1,A_MEMBER_GEO,FU017,TH-39,NO_SIGNAL,0.0000000000,1,1
FU017,REG_ISAN20,T1,A_MEMBER_GEO,FU017,TH-40,OK,100.0000000000,1,1
FU017,REG_ISAN20,T1,A_MEMBER_GEO,FU017,TH-41,OK,100.0000000000,1,1
FU017,REG_ISAN20,T1,A_MEMBER_GEO,FU017,TH-42,OK,100.0000000000,1,1
FU017,REG_ISAN20,T1,A_MEMBER_GEO,FU017,TH-43,OK,100.0000000000,1,1
FU017,REG_ISAN20,T1,A_MEMBER_GEO,FU017,TH-44,OK,100.0000000000,1,1
FU017,REG_ISAN20,T1,A_MEMBER_GEO,FU017,TH-45,OK,100.0000000000,1,1
FU017,REG_ISAN20,T1,A_MEMBER_GEO,FU017,TH-46,OK,100.0000000000,1,1
FU017,REG_ISAN20,T1,A_MEMBER_GEO,FU017,TH-47,OK,100.0000000000,1,1
FU017,REG_ISAN20,T1,A_MEMBER_GEO,FU017,TH-48,OK,100.0000000000,1,1
FU017,REG_ISAN20,T1,A_MEMBER_GEO,FU017,TH-49,NO_SIGNAL,0.0000000000,1,1
FU017,REG_ISAN20,T1,C_SCOPE,,TH-30+TH-31+TH-32+TH-33+TH-34+TH-35+TH-36+TH-37+TH-38+TH-39+TH-40+TH-41+TH-42+TH-43+TH-44+TH-45+TH-46+TH-47+TH-48+TH-49,OK,22.8000000000,16,20
FU017,REG_ISAN20,T1,D_POST_SA,,REG_ISAN20,OK,87.3958772799,1,1
FP016,REG_ISAN20,T1,A_MEMBER_GEO,FP016,TH-30,NO_SIGNAL,0.0000000000,1,1
FP016,REG_ISAN20,T1,A_MEMBER_GEO,FP016,TH-31,NO_SIGNAL,0.0000000000,1,1
FP016,REG_ISAN20,T1,A_MEMBER_GEO,FP016,TH-32,NO_SIGNAL,0.0000000000,1,1
FP016,REG_ISAN20,T1,A_MEMBER_GEO,FP016,TH-33,NO_SIGNAL,0.0000000000,1,1
FP016,REG_ISAN20,T1,A_MEMBER_GEO,FP016,TH-34,NO_SIGNAL,0.0000000000,1,1
FP016,REG_ISAN20,T1,A_MEMBER_GEO,FP016,TH-35,NO_SIGNAL,0.0000000000,1,1
FP016,REG_ISAN20,T1,A_MEMBER_GEO,FP016,TH-36,NO_SIGNAL,0.0000000000,1,1
FP016,REG_ISAN20,T1,A_MEMBER_GEO,FP016,TH-37,NO_SIGNAL,0.0000000000,1,1
FP016,REG_ISAN20,T1,A_MEMBER_GEO,FP016,TH-38,NO_SIGNAL,0.0000000000,1,1
FP016,REG_ISAN20,T1,A_MEMBER_GEO,FP016,TH-39,NO_SIGNAL,0.0000000000,1,1
FP016,REG_ISAN20,T1,A_MEMBER_GEO,FP016,TH-40,OK,100.0000000000,1,1
FP016,REG_ISAN20,T1,A_MEMBER_GEO,FP016,TH-41,NO_SIGNAL,0.0000000000,1,1
FP016,REG_ISAN20,T1,A_MEMBER_GEO,FP016,TH-42,NO_SIGNAL,0.0000000000,1,1
FP016,REG_ISAN20,T1,A_MEMBER_GEO,FP016,TH-43,NO_SIGNAL,0.0000000000,1,1
FP016,REG_ISAN20,T1,A_MEMBER_GEO,FP016,TH-44,NO_SIGNAL,0.0000000000,1,1
FP016,REG_ISAN20,T1,A_MEMBER_GEO,FP016,TH-45,NO_SIGNAL,0.0000000000,1,1
FP016,REG_ISAN20,T1,A_MEMBER_GEO,FP016,TH-46,NO_SIGNAL,0.0000000000,1,1
FP016,REG_ISAN20,T1,A_MEMBER_GEO,FP016,TH-47,NO_SIGNAL,0.0000000000,1,1
FP016,REG_ISAN20,T1,A_MEMBER_GEO,FP016,TH-48,NO_SIGNAL,0.0000000000,1,1
FP016,REG_ISAN20,T1,A_MEMBER_GEO,FP016,TH-49,NO_SIGNAL,0.0000000000,1,1
FP016,REG_ISAN20,T1,C_SCOPE,,TH-30+TH-31+TH-32+TH-33+TH-34+TH-35+TH-36+TH-37+TH-38+TH-39+TH-40+TH-41+TH-42+TH-43+TH-44+TH-45+TH-46+TH-47+TH-48+TH-49,OK,5.0000000000,1,20
FP016,REG_ISAN20,T1,D_POST_SA,,REG_ISAN20,OK,97.2906853419,1,1
FP017,REG_ISAN20,T1,A_MEMBER_GEO,FP017,TH-30,OK,100.0000000000,1,1
FP017,REG_ISAN20,T1,A_MEMBER_GEO,FP017,TH-31,OK,100.0000000000,1,1
FP017,REG_ISAN20,T1,A_MEMBER_GEO,FP017,TH-32,OK,100.0000000000,1,1
FP017,REG_ISAN20,T1,A_MEMBER_GEO,FP017,TH-33,OK,100.0000000000,1,1
FP017,REG_ISAN20,T1,A_MEMBER_GEO,FP017,TH-34,OK,100.0000000000,1,1
FP017,REG_ISAN20,T1,A_MEMBER_GEO,FP017,TH-35,OK,100.0000000000,1,1
FP017,REG_ISAN20,T1,A_MEMBER_GEO,FP017,TH-36,OK,100.0000000000,1,1
FP017,REG_ISAN20,T1,A_MEMBER_GEO,FP017,TH-37,OK,100.0000000000,1,1
FP017,REG_ISAN20,T1,A_MEMBER_GEO,FP017,TH-38,OK,100.0000000000,1,1
FP017,REG_ISAN20,T1,A_MEMBER_GEO,FP017,TH-39,OK,100.0000000000,1,1
FP017,REG_ISAN20,T1,A_MEMBER_GEO,FP017,TH-40,OK,100.0000000000,1,1
FP017,REG_ISAN20,T1,A_MEMBER_GEO,FP017,TH-41,OK,100.0000000000,1,1
FP017,REG_ISAN20,T1,A_MEMBER_GEO,FP017,TH-42,OK,100.0000000000,1,1
FP017,REG_ISAN20,T1,A_MEMBER_GEO,FP017,TH-43,OK,100.0000000000,1,1
FP017,REG_ISAN20,T1,A_MEMBER_GEO,FP017,TH-44,OK,100.0000000000,1,1
FP017,REG_ISAN20,T1,A_MEMBER_GEO,FP017,TH-45,OK,100.0000000000,1,1
FP017,REG_ISAN20,T1,A_MEMBER_GEO,FP017,TH-46,OK,100.0000000000,1,1
FP017,REG_ISAN20,T1,A_MEMBER_GEO,FP017,TH-47,OK,100.0000000000,1,1
FP017,REG_ISAN20,T1,A_MEMBER_GEO,FP017,TH-48,OK,100.0000000000,1,1
FP017,REG_ISAN20,T1,A_MEMBER_GEO,FP017,TH-49,OK,100.0000000000,1,1
FP017,REG_ISAN20,T1,C_SCOPE,,TH-30+TH-31+TH-32+TH-33+TH-34+TH-35+TH-36+TH-37+TH-38+TH-39+TH-40+TH-41+TH-42+TH-43+TH-44+TH-45+TH-46+TH-47+TH-48+TH-49,OK,100.0000000000,20,20
FP017,REG_ISAN20,T1,D_POST_SA,,REG_ISAN20,OK,96.5673026829,1,1
FP018,REG_ISAN20,T1,A_MEMBER_GEO,FP018,TH-30,NO_SIGNAL,0.0000000000,1,1
FP018,REG_ISAN20,T1,A_MEMBER_GEO,FP018,TH-31,NO_SIGNAL,0.0000000000,1,1
FP018,REG_ISAN20,T1,A_MEMBER_GEO,FP018,TH-32,NO_SIGNAL,0.0000000000,1,1
FP018,REG_ISAN20,T1,A_MEMBER_GEO,FP018,TH-33,NO_SIGNAL,0.0000000000,1,1
FP018,REG_ISAN20,T1,A_MEMBER_GEO,FP018,TH-34,NO_SIGNAL,0.0000000000,1,1
FP018,REG_ISAN20,T1,A_MEMBER_GEO,FP018,TH-35,NO_SIGNAL,0.0000000000,1,1
FP018,REG_ISAN20,T1,A_MEMBER_GEO,FP018,TH-36,NO_SIGNAL,0.0000000000,1,1
FP018,REG_ISAN20,T1,A_MEMBER_GEO,FP018,TH-37,NO_SIGNAL,0.0000000000,1,1
FP018,REG_ISAN20,T1,A_MEMBER_GEO,FP018,TH-38,NO_SIGNAL,0.0000000000,1,1
FP018,REG_ISAN20,T1,A_MEMBER_GEO,FP018,TH-39,NO_SIGNAL,0.0000000000,1,1
FP018,REG_ISAN20,T1,A_MEMBER_GEO,FP018,TH-40,NO_SIGNAL,0.0000000000,1,1
FP018,REG_ISAN20,T1,A_MEMBER_GEO,FP018,TH-41,NO_SIGNAL,0.0000000000,1,1
FP018,REG_ISAN20,T1,A_MEMBER_GEO,FP018,TH-42,NO_SIGNAL,0.0000000000,1,1
FP018,REG_ISAN20,T1,A_MEMBER_GEO,FP018,TH-43,NO_SIGNAL,0.0000000000,1,1
FP018,REG_ISAN20,T1,A_MEMBER_GEO,FP018,TH-44,NO_SIGNAL,0.0000000000,1,1
FP018,REG_ISAN20,T1,A_MEMBER_GEO,FP018,TH-45,NO_SIGNAL,0.0000000000,1,1
FP018,REG_ISAN20,T1,A_MEMBER_GEO,FP018,TH-46,NO_SIGNAL,0.0000000000,1,1
FP018,REG_ISAN20,T1,A_MEMBER_GEO,FP018,TH-47,NO_SIGNAL,0.0000000000,1,1
FP018,REG_ISAN20,T1,A_MEMBER_GEO,FP018,TH-48,NO_SIGNAL,0.0000000000,1,1
FP018,REG_ISAN20,T1,A_MEMBER_GEO,FP018,TH-49,NO_SIGNAL,0.0000000000,1,1
FP018,REG_ISAN20,T1,C_SCOPE,,TH-30+TH-31+TH-32+TH-33+TH-34+TH-35+TH-36+TH-37+TH-38+TH-39+TH-40+TH-41+TH-42+TH-43+TH-44+TH-45+TH-46+TH-47+TH-48+TH-49,NO_SIGNAL,0.0000000000,0,20
FP018,REG_ISAN20,T1,D_POST_SA,,REG_ISAN20,NO_SIGNAL,0.0000000000,0,1
FP019,REG_ISAN20,T1,A_MEMBER_GEO,FP019,TH-30,NO_SIGNAL,0.0000000000,1,1
FP019,REG_ISAN20,T1,A_MEMBER_GEO,FP019,TH-31,NO_SIGNAL,0.0000000000,1,1
FP019,REG_ISAN20,T1,A_MEMBER_GEO,FP019,TH-32,NO_SIGNAL,0.0000000000,1,1
FP019,REG_ISAN20,T1,A_MEMBER_GEO,FP019,TH-33,NO_SIGNAL,0.0000000000,1,1
FP019,REG_ISAN20,T1,A_MEMBER_GEO,FP019,TH-34,NO_SIGNAL,0.0000000000,1,1
FP019,REG_ISAN20,T1,A_MEMBER_GEO,FP019,TH-35,NO_SIGNAL,0.0000000000,1,1
FP019,REG_ISAN20,T1,A_MEMBER_GEO,FP019,TH-36,NO_SIGNAL,0.0000000000,1,1
FP019,REG_ISAN20,T1,A_MEMBER_GEO,FP019,TH-37,NO_SIGNAL,0.0000000000,1,1
FP019,REG_ISAN20,T1,A_MEMBER_GEO,FP019,TH-38,NO_SIGNAL,0.0000000000,1,1
FP019,REG_ISAN20,T1,A_MEMBER_GEO,FP019,TH-39,NO_SIGNAL,0.0000000000,1,1
FP019,REG_ISAN20,T1,A_MEMBER_GEO,FP019,TH-40,NO_SIGNAL,0.0000000000,1,1
FP019,REG_ISAN20,T1,A_MEMBER_GEO,FP019,TH-41,NO_SIGNAL,0.0000000000,1,1
FP019,REG_ISAN20,T1,A_MEMBER_GEO,FP019,TH-42,NO_SIGNAL,0.0000000000,1,1
FP019,REG_ISAN20,T1,A_MEMBER_GEO,FP019,TH-43,NO_SIGNAL,0.0000000000,1,1
FP019,REG_ISAN20,T1,A_MEMBER_GEO,FP019,TH-44,NO_SIGNAL,0.0000000000,1,1
FP019,REG_ISAN20,T1,A_MEMBER_GEO,FP019,TH-45,NO_SIGNAL,0.0000000000,1,1
FP019,REG_ISAN20,T1,A_MEMBER_GEO,FP019,TH-46,NO_SIGNAL,0.0000000000,1,1
FP019,REG_ISAN20,T1,A_MEMBER_GEO,FP019,TH-47,NO_SIGNAL,0.0000000000,1,1
FP019,REG_ISAN20,T1,A_MEMBER_GEO,FP019,TH-48,NO_SIGNAL,0.0000000000,1,1
FP019,REG_ISAN20,T1,A_MEMBER_GEO,FP019,TH-49,NO_SIGNAL,0.0000000000,1,1
FP019,REG_ISAN20,T1,C_SCOPE,,TH-30+TH-31+TH-32+TH-33+TH-34+TH-35+TH-36+TH-37+TH-38+TH-39+TH-40+TH-41+TH-42+TH-43+TH-44+TH-45+TH-46+TH-47+TH-48+TH-49,NO_SIGNAL,0.0000000000,0,20
FP019,REG_ISAN20,T1,D_POST_SA,,REG_ISAN20,NO_SIGNAL,0.0000000000,0,1
FP020,REG_ISAN20,T1,A_MEMBER_GEO,FP020,TH-30,OK,100.0000000000,1,1
FP020,REG_ISAN20,T1,A_MEMBER_GEO,FP020,TH-31,OK,100.0000000000,1,1
FP020,REG_ISAN20,T1,A_MEMBER_GEO,FP020,TH-32,OK,13.0000000000,1,1
FP020,REG_ISAN20,T1,A_MEMBER_GEO,FP020,TH-33,OK,100.0000000000,1,1
FP020,REG_ISAN20,T1,A_MEMBER_GEO,FP020,TH-34,OK,100.0000000000,1,1
FP020,REG_ISAN20,T1,A_MEMBER_GEO,FP020,TH-35,NO_SIGNAL,0.0000000000,1,1
FP020,REG_ISAN20,T1,A_MEMBER_GEO,FP020,TH-36,OK,100.0000000000,1,1
FP020,REG_ISAN20,T1,A_MEMBER_GEO,FP020,TH-37,NO_SIGNAL,0.0000000000,1,1
FP020,REG_ISAN20,T1,A_MEMBER_GEO,FP020,TH-38,NO_SIGNAL,0.0000000000,1,1
FP020,REG_ISAN20,T1,A_MEMBER_GEO,FP020,TH-39,NO_SIGNAL,0.0000000000,1,1
FP020,REG_ISAN20,T1,A_MEMBER_GEO,FP020,TH-40,OK,66.0000000000,1,1
FP020,REG_ISAN20,T1,A_MEMBER_GEO,FP020,TH-41,OK,96.0000000000,1,1
FP020,REG_ISAN20,T1,A_MEMBER_GEO,FP020,TH-42,NO_SIGNAL,0.0000000000,1,1
FP020,REG_ISAN20,T1,A_MEMBER_GEO,FP020,TH-43,NO_SIGNAL,0.0000000000,1,1
FP020,REG_ISAN20,T1,A_MEMBER_GEO,FP020,TH-44,OK,100.0000000000,1,1
FP020,REG_ISAN20,T1,A_MEMBER_GEO,FP020,TH-45,OK,8.0000000000,1,1
FP020,REG_ISAN20,T1,A_MEMBER_GEO,FP020,TH-46,NO_SIGNAL,0.0000000000,1,1
FP020,REG_ISAN20,T1,A_MEMBER_GEO,FP020,TH-47,OK,100.0000000000,1,1
FP020,REG_ISAN20,T1,A_MEMBER_GEO,FP020,TH-48,NO_SIGNAL,0.0000000000,1,1
FP020,REG_ISAN20,T1,A_MEMBER_GEO,FP020,TH-49,NO_SIGNAL,0.0000000000,1,1
FP020,REG_ISAN20,T1,C_SCOPE,,TH-30+TH-31+TH-32+TH-33+TH-34+TH-35+TH-36+TH-37+TH-38+TH-39+TH-40+TH-41+TH-42+TH-43+TH-44+TH-45+TH-46+TH-47+TH-48+TH-49,OK,15.5532196970,11,20
FP020,REG_ISAN20,T1,D_POST_SA,,REG_ISAN20,OK,98.7379005867,1,1
FP021,REG_ISAN20,T1,A_MEMBER_GEO,FP021,TH-30,OK,100.0000000000,1,1
FP021,REG_ISAN20,T1,A_MEMBER_GEO,FP021,TH-31,OK,100.0000000000,1,1
FP021,REG_ISAN20,T1,A_MEMBER_GEO,FP021,TH-32,OK,100.0000000000,1,1
FP021,REG_ISAN20,T1,A_MEMBER_GEO,FP021,TH-33,OK,100.0000000000,1,1
FP021,REG_ISAN20,T1,A_MEMBER_GEO,FP021,TH-34,OK,100.0000000000,1,1
FP021,REG_ISAN20,T1,A_MEMBER_GEO,FP021,TH-35,OK,100.0000000000,1,1
FP021,REG_ISAN20,T1,A_MEMBER_GEO,FP021,TH-36,OK,100.0000000000,1,1
FP021,REG_ISAN20,T1,A_MEMBER_GEO,FP021,TH-37,OK,100.0000000000,1,1
FP021,REG_ISAN20,T1,A_MEMBER_GEO,FP021,TH-38,OK,100.0000000000,1,1
FP021,REG_ISAN20,T1,A_MEMBER_GEO,FP021,TH-39,OK,100.0000000000,1,1
FP021,REG_ISAN20,T1,A_MEMBER_GEO,FP021,TH-40,OK,100.0000000000,1,1
FP021,REG_ISAN20,T1,A_MEMBER_GEO,FP021,TH-41,OK,100.0000000000,1,1
FP021,REG_ISAN20,T1,A_MEMBER_GEO,FP021,TH-42,OK,100.0000000000,1,1
FP021,REG_ISAN20,T1,A_MEMBER_GEO,FP021,TH-43,OK,100.0000000000,1,1
FP021,REG_ISAN20,T1,A_MEMBER_GEO,FP021,TH-44,OK,100.0000000000,1,1
FP021,REG_ISAN20,T1,A_MEMBER_GEO,FP021,TH-45,OK,100.0000000000,1,1
FP021,REG_ISAN20,T1,A_MEMBER_GEO,FP021,TH-46,OK,100.0000000000,1,1
FP021,REG_ISAN20,T1,A_MEMBER_GEO,FP021,TH-47,OK,100.0000000000,1,1
FP021,REG_ISAN20,T1,A_MEMBER_GEO,FP021,TH-48,OK,100.0000000000,1,1
FP021,REG_ISAN20,T1,A_MEMBER_GEO,FP021,TH-49,OK,100.0000000000,1,1
FP021,REG_ISAN20,T1,C_SCOPE,,TH-30+TH-31+TH-32+TH-33+TH-34+TH-35+TH-36+TH-37+TH-38+TH-39+TH-40+TH-41+TH-42+TH-43+TH-44+TH-45+TH-46+TH-47+TH-48+TH-49,OK,93.2500000000,20,20
FP021,REG_ISAN20,T1,D_POST_SA,,REG_ISAN20,OK,93.2495579373,1,1
FP022,REG_ISAN20,T1,A_MEMBER_GEO,FP022,TH-30,OK,100.0000000000,1,1
FP022,REG_ISAN20,T1,A_MEMBER_GEO,FP022,TH-31,NO_SIGNAL,0.0000000000,1,1
FP022,REG_ISAN20,T1,A_MEMBER_GEO,FP022,TH-32,NO_SIGNAL,0.0000000000,1,1
FP022,REG_ISAN20,T1,A_MEMBER_GEO,FP022,TH-33,NO_SIGNAL,0.0000000000,1,1
FP022,REG_ISAN20,T1,A_MEMBER_GEO,FP022,TH-34,OK,100.0000000000,1,1
FP022,REG_ISAN20,T1,A_MEMBER_GEO,FP022,TH-35,NO_SIGNAL,0.0000000000,1,1
FP022,REG_ISAN20,T1,A_MEMBER_GEO,FP022,TH-36,NO_SIGNAL,0.0000000000,1,1
FP022,REG_ISAN20,T1,A_MEMBER_GEO,FP022,TH-37,NO_SIGNAL,0.0000000000,1,1
FP022,REG_ISAN20,T1,A_MEMBER_GEO,FP022,TH-38,NO_SIGNAL,0.0000000000,1,1
FP022,REG_ISAN20,T1,A_MEMBER_GEO,FP022,TH-39,NO_SIGNAL,0.0000000000,1,1
FP022,REG_ISAN20,T1,A_MEMBER_GEO,FP022,TH-40,OK,100.0000000000,1,1
FP022,REG_ISAN20,T1,A_MEMBER_GEO,FP022,TH-41,OK,100.0000000000,1,1
FP022,REG_ISAN20,T1,A_MEMBER_GEO,FP022,TH-42,NO_SIGNAL,0.0000000000,1,1
FP022,REG_ISAN20,T1,A_MEMBER_GEO,FP022,TH-43,NO_SIGNAL,0.0000000000,1,1
FP022,REG_ISAN20,T1,A_MEMBER_GEO,FP022,TH-44,OK,100.0000000000,1,1
FP022,REG_ISAN20,T1,A_MEMBER_GEO,FP022,TH-45,OK,100.0000000000,1,1
FP022,REG_ISAN20,T1,A_MEMBER_GEO,FP022,TH-46,NO_SIGNAL,0.0000000000,1,1
FP022,REG_ISAN20,T1,A_MEMBER_GEO,FP022,TH-47,OK,100.0000000000,1,1
FP022,REG_ISAN20,T1,A_MEMBER_GEO,FP022,TH-48,NO_SIGNAL,0.0000000000,1,1
FP022,REG_ISAN20,T1,A_MEMBER_GEO,FP022,TH-49,NO_SIGNAL,0.0000000000,1,1
FP022,REG_ISAN20,T1,C_SCOPE,,TH-30+TH-31+TH-32+TH-33+TH-34+TH-35+TH-36+TH-37+TH-38+TH-39+TH-40+TH-41+TH-42+TH-43+TH-44+TH-45+TH-46+TH-47+TH-48+TH-49,OK,20.0000000000,7,20
FP022,REG_ISAN20,T1,D_POST_SA,,REG_ISAN20,OK,95.6050231160,1,1
FP023,REG_ISAN20,T1,A_MEMBER_GEO,FP023,TH-30,OK,100.0000000000,1,1
FP023,REG_ISAN20,T1,A_MEMBER_GEO,FP023,TH-31,OK,100.0000000000,1,1
FP023,REG_ISAN20,T1,A_MEMBER_GEO,FP023,TH-32,OK,100.0000000000,1,1
FP023,REG_ISAN20,T1,A_MEMBER_GEO,FP023,TH-33,OK,100.0000000000,1,1
FP023,REG_ISAN20,T1,A_MEMBER_GEO,FP023,TH-34,OK,100.0000000000,1,1
FP023,REG_ISAN20,T1,A_MEMBER_GEO,FP023,TH-35,OK,100.0000000000,1,1
FP023,REG_ISAN20,T1,A_MEMBER_GEO,FP023,TH-36,OK,100.0000000000,1,1
FP023,REG_ISAN20,T1,A_MEMBER_GEO,FP023,TH-37,NO_SIGNAL,0.0000000000,1,1
FP023,REG_ISAN20,T1,A_MEMBER_GEO,FP023,TH-38,OK,100.0000000000,1,1
FP023,REG_ISAN20,T1,A_MEMBER_GEO,FP023,TH-39,OK,100.0000000000,1,1
FP023,REG_ISAN20,T1,A_MEMBER_GEO,FP023,TH-40,OK,100.0000000000,1,1
FP023,REG_ISAN20,T1,A_MEMBER_GEO,FP023,TH-41,OK,100.0000000000,1,1
FP023,REG_ISAN20,T1,A_MEMBER_GEO,FP023,TH-42,OK,100.0000000000,1,1
FP023,REG_ISAN20,T1,A_MEMBER_GEO,FP023,TH-43,OK,100.0000000000,1,1
FP023,REG_ISAN20,T1,A_MEMBER_GEO,FP023,TH-44,OK,100.0000000000,1,1
FP023,REG_ISAN20,T1,A_MEMBER_GEO,FP023,TH-45,OK,100.0000000000,1,1
FP023,REG_ISAN20,T1,A_MEMBER_GEO,FP023,TH-46,OK,100.0000000000,1,1
FP023,REG_ISAN20,T1,A_MEMBER_GEO,FP023,TH-47,OK,100.0000000000,1,1
FP023,REG_ISAN20,T1,A_MEMBER_GEO,FP023,TH-48,OK,100.0000000000,1,1
FP023,REG_ISAN20,T1,A_MEMBER_GEO,FP023,TH-49,OK,100.0000000000,1,1
FP023,REG_ISAN20,T1,C_SCOPE,,TH-30+TH-31+TH-32+TH-33+TH-34+TH-35+TH-36+TH-37+TH-38+TH-39+TH-40+TH-41+TH-42+TH-43+TH-44+TH-45+TH-46+TH-47+TH-48+TH-49,OK,48.1000000000,19,20
FP023,REG_ISAN20,T1,D_POST_SA,,REG_ISAN20,OK,95.6507595112,1,1
FP024,REG_ISAN20,T1,A_MEMBER_GEO,FP024,TH-30,NO_SIGNAL,0.0000000000,1,1
FP024,REG_ISAN20,T1,A_MEMBER_GEO,FP024,TH-31,NO_SIGNAL,0.0000000000,1,1
FP024,REG_ISAN20,T1,A_MEMBER_GEO,FP024,TH-32,NO_SIGNAL,0.0000000000,1,1
FP024,REG_ISAN20,T1,A_MEMBER_GEO,FP024,TH-33,NO_SIGNAL,0.0000000000,1,1
FP024,REG_ISAN20,T1,A_MEMBER_GEO,FP024,TH-34,NO_SIGNAL,0.0000000000,1,1
FP024,REG_ISAN20,T1,A_MEMBER_GEO,FP024,TH-35,NO_SIGNAL,0.0000000000,1,1
FP024,REG_ISAN20,T1,A_MEMBER_GEO,FP024,TH-36,NO_SIGNAL,0.0000000000,1,1
FP024,REG_ISAN20,T1,A_MEMBER_GEO,FP024,TH-37,NO_SIGNAL,0.0000000000,1,1
FP024,REG_ISAN20,T1,A_MEMBER_GEO,FP024,TH-38,NO_SIGNAL,0.0000000000,1,1
FP024,REG_ISAN20,T1,A_MEMBER_GEO,FP024,TH-39,NO_SIGNAL,0.0000000000,1,1
FP024,REG_ISAN20,T1,A_MEMBER_GEO,FP024,TH-40,NO_SIGNAL,0.0000000000,1,1
FP024,REG_ISAN20,T1,A_MEMBER_GEO,FP024,TH-41,NO_SIGNAL,0.0000000000,1,1
FP024,REG_ISAN20,T1,A_MEMBER_GEO,FP024,TH-42,NO_SIGNAL,0.0000000000,1,1
FP024,REG_ISAN20,T1,A_MEMBER_GEO,FP024,TH-43,NO_SIGNAL,0.0000000000,1,1
FP024,REG_ISAN20,T1,A_MEMBER_GEO,FP024,TH-44,NO_SIGNAL,0.0000000000,1,1
FP024,REG_ISAN20,T1,A_MEMBER_GEO,FP024,TH-45,NO_SIGNAL,0.0000000000,1,1
FP024,REG_ISAN20,T1,A_MEMBER_GEO,FP024,TH-46,NO_SIGNAL,0.0000000000,1,1
FP024,REG_ISAN20,T1,A_MEMBER_GEO,FP024,TH-47,NO_SIGNAL,0.0000000000,1,1
FP024,REG_ISAN20,T1,A_MEMBER_GEO,FP024,TH-48,NO_SIGNAL,0.0000000000,1,1
FP024,REG_ISAN20,T1,A_MEMBER_GEO,FP024,TH-49,NO_SIGNAL,0.0000000000,1,1
FP024,REG_ISAN20,T1,C_SCOPE,,TH-30+TH-31+TH-32+TH-33+TH-34+TH-35+TH-36+TH-37+TH-38+TH-39+TH-40+TH-41+TH-42+TH-43+TH-44+TH-45+TH-46+TH-47+TH-48+TH-49,NO_SIGNAL,0.0000000000,0,20
FP024,REG_ISAN20,T1,D_POST_SA,,REG_ISAN20,NO_SIGNAL,0.0000000000,0,1
FP025,REG_ISAN20,T1,A_MEMBER_GEO,FP025,TH-30,NO_SIGNAL,0.0000000000,1,1
FP025,REG_ISAN20,T1,A_MEMBER_GEO,FP025,TH-31,NO_SIGNAL,0.0000000000,1,1
FP025,REG_ISAN20,T1,A_MEMBER_GEO,FP025,TH-32,NO_SIGNAL,0.0000000000,1,1
FP025,REG_ISAN20,T1,A_MEMBER_GEO,FP025,TH-33,NO_SIGNAL,0.0000000000,1,1
FP025,REG_ISAN20,T1,A_MEMBER_GEO,FP025,TH-34,NO_SIGNAL,0.0000000000,1,1
FP025,REG_ISAN20,T1,A_MEMBER_GEO,FP025,TH-35,NO_SIGNAL,0.0000000000,1,1
FP025,REG_ISAN20,T1,A_MEMBER_GEO,FP025,TH-36,NO_SIGNAL,0.0000000000,1,1
FP025,REG_ISAN20,T1,A_MEMBER_GEO,FP025,TH-37,NO_SIGNAL,0.0000000000,1,1
FP025,REG_ISAN20,T1,A_MEMBER_GEO,FP025,TH-38,NO_SIGNAL,0.0000000000,1,1
FP025,REG_ISAN20,T1,A_MEMBER_GEO,FP025,TH-39,NO_SIGNAL,0.0000000000,1,1
FP025,REG_ISAN20,T1,A_MEMBER_GEO,FP025,TH-40,NO_SIGNAL,0.0000000000,1,1
FP025,REG_ISAN20,T1,A_MEMBER_GEO,FP025,TH-41,NO_SIGNAL,0.0000000000,1,1
FP025,REG_ISAN20,T1,A_MEMBER_GEO,FP025,TH-42,NO_SIGNAL,0.0000000000,1,1
FP025,REG_ISAN20,T1,A_MEMBER_GEO,FP025,TH-43,NO_SIGNAL,0.0000000000,1,1
FP025,REG_ISAN20,T1,A_MEMBER_GEO,FP025,TH-44,NO_SIGNAL,0.0000000000,1,1
FP025,REG_ISAN20,T1,A_MEMBER_GEO,FP025,TH-45,NO_SIGNAL,0.0000000000,1,1
FP025,REG_ISAN20,T1,A_MEMBER_GEO,FP025,TH-46,NO_SIGNAL,0.0000000000,1,1
FP025,REG_ISAN20,T1,A_MEMBER_GEO,FP025,TH-47,NO_SIGNAL,0.0000000000,1,1
FP025,REG_ISAN20,T1,A_MEMBER_GEO,FP025,TH-48,NO_SIGNAL,0.0000000000,1,1
FP025,REG_ISAN20,T1,A_MEMBER_GEO,FP025,TH-49,NO_SIGNAL,0.0000000000,1,1
FP025,REG_ISAN20,T1,C_SCOPE,,TH-30+TH-31+TH-32+TH-33+TH-34+TH-35+TH-36+TH-37+TH-38+TH-39+TH-40+TH-41+TH-42+TH-43+TH-44+TH-45+TH-46+TH-47+TH-48+TH-49,NO_SIGNAL,0.0000000000,0,20
FP025,REG_ISAN20,T1,D_POST_SA,,REG_ISAN20,NO_SIGNAL,0.0000000000,0,1
FP026,REG_ISAN20,T1,A_MEMBER_GEO,FP026,TH-30,OK,100.0000000000,1,1
FP026,REG_ISAN20,T1,A_MEMBER_GEO,FP026,TH-31,OK,100.0000000000,1,1
FP026,REG_ISAN20,T1,A_MEMBER_GEO,FP026,TH-32,OK,100.0000000000,1,1
FP026,REG_ISAN20,T1,A_MEMBER_GEO,FP026,TH-33,OK,100.0000000000,1,1
FP026,REG_ISAN20,T1,A_MEMBER_GEO,FP026,TH-34,OK,100.0000000000,1,1
FP026,REG_ISAN20,T1,A_MEMBER_GEO,FP026,TH-35,OK,100.0000000000,1,1
FP026,REG_ISAN20,T1,A_MEMBER_GEO,FP026,TH-36,OK,100.0000000000,1,1
FP026,REG_ISAN20,T1,A_MEMBER_GEO,FP026,TH-37,NO_SIGNAL,0.0000000000,1,1
FP026,REG_ISAN20,T1,A_MEMBER_GEO,FP026,TH-38,OK,100.0000000000,1,1
FP026,REG_ISAN20,T1,A_MEMBER_GEO,FP026,TH-39,OK,100.0000000000,1,1
FP026,REG_ISAN20,T1,A_MEMBER_GEO,FP026,TH-40,OK,100.0000000000,1,1
FP026,REG_ISAN20,T1,A_MEMBER_GEO,FP026,TH-41,OK,100.0000000000,1,1
FP026,REG_ISAN20,T1,A_MEMBER_GEO,FP026,TH-42,OK,100.0000000000,1,1
FP026,REG_ISAN20,T1,A_MEMBER_GEO,FP026,TH-43,OK,100.0000000000,1,1
FP026,REG_ISAN20,T1,A_MEMBER_GEO,FP026,TH-44,OK,100.0000000000,1,1
FP026,REG_ISAN20,T1,A_MEMBER_GEO,FP026,TH-45,OK,100.0000000000,1,1
FP026,REG_ISAN20,T1,A_MEMBER_GEO,FP026,TH-46,OK,100.0000000000,1,1
FP026,REG_ISAN20,T1,A_MEMBER_GEO,FP026,TH-47,OK,100.0000000000,1,1
FP026,REG_ISAN20,T1,A_MEMBER_GEO,FP026,TH-48,OK,100.0000000000,1,1
FP026,REG_ISAN20,T1,A_MEMBER_GEO,FP026,TH-49,NO_SIGNAL,0.0000000000,1,1
FP026,REG_ISAN20,T1,C_SCOPE,,TH-30+TH-31+TH-32+TH-33+TH-34+TH-35+TH-36+TH-37+TH-38+TH-39+TH-40+TH-41+TH-42+TH-43+TH-44+TH-45+TH-46+TH-47+TH-48+TH-49,OK,80.6000000000,18,20
FP026,REG_ISAN20,T1,D_POST_SA,,REG_ISAN20,OK,95.6008994797,1,1
FP027,REG_ISAN20,T1,A_MEMBER_GEO,FP027,TH-30,NO_SIGNAL,0.0000000000,1,1
FP027,REG_ISAN20,T1,A_MEMBER_GEO,FP027,TH-31,NO_SIGNAL,0.0000000000,1,1
FP027,REG_ISAN20,T1,A_MEMBER_GEO,FP027,TH-32,NO_SIGNAL,0.0000000000,1,1
FP027,REG_ISAN20,T1,A_MEMBER_GEO,FP027,TH-33,NO_SIGNAL,0.0000000000,1,1
FP027,REG_ISAN20,T1,A_MEMBER_GEO,FP027,TH-34,NO_SIGNAL,0.0000000000,1,1
FP027,REG_ISAN20,T1,A_MEMBER_GEO,FP027,TH-35,NO_SIGNAL,0.0000000000,1,1
FP027,REG_ISAN20,T1,A_MEMBER_GEO,FP027,TH-36,NO_SIGNAL,0.0000000000,1,1
FP027,REG_ISAN20,T1,A_MEMBER_GEO,FP027,TH-37,NO_SIGNAL,0.0000000000,1,1
FP027,REG_ISAN20,T1,A_MEMBER_GEO,FP027,TH-38,NO_SIGNAL,0.0000000000,1,1
FP027,REG_ISAN20,T1,A_MEMBER_GEO,FP027,TH-39,NO_SIGNAL,0.0000000000,1,1
FP027,REG_ISAN20,T1,A_MEMBER_GEO,FP027,TH-40,NO_SIGNAL,0.0000000000,1,1
FP027,REG_ISAN20,T1,A_MEMBER_GEO,FP027,TH-41,NO_SIGNAL,0.0000000000,1,1
FP027,REG_ISAN20,T1,A_MEMBER_GEO,FP027,TH-42,NO_SIGNAL,0.0000000000,1,1
FP027,REG_ISAN20,T1,A_MEMBER_GEO,FP027,TH-43,NO_SIGNAL,0.0000000000,1,1
FP027,REG_ISAN20,T1,A_MEMBER_GEO,FP027,TH-44,NO_SIGNAL,0.0000000000,1,1
FP027,REG_ISAN20,T1,A_MEMBER_GEO,FP027,TH-45,NO_SIGNAL,0.0000000000,1,1
FP027,REG_ISAN20,T1,A_MEMBER_GEO,FP027,TH-46,NO_SIGNAL,0.0000000000,1,1
FP027,REG_ISAN20,T1,A_MEMBER_GEO,FP027,TH-47,NO_SIGNAL,0.0000000000,1,1
FP027,REG_ISAN20,T1,A_MEMBER_GEO,FP027,TH-48,NO_SIGNAL,0.0000000000,1,1
FP027,REG_ISAN20,T1,A_MEMBER_GEO,FP027,TH-49,NO_SIGNAL,0.0000000000,1,1
FP027,REG_ISAN20,T1,C_SCOPE,,TH-30+TH-31+TH-32+TH-33+TH-34+TH-35+TH-36+TH-37+TH-38+TH-39+TH-40+TH-41+TH-42+TH-43+TH-44+TH-45+TH-46+TH-47+TH-48+TH-49,NO_SIGNAL,0.0000000000,0,20
FP027,REG_ISAN20,T1,D_POST_SA,,REG_ISAN20,NO_SIGNAL,0.0000000000,0,1
FU018,REG_ISAN20,T1,A_MEMBER_GEO,FU018,TH-30,OK,100.0000000000,1,1
FU018,REG_ISAN20,T1,A_MEMBER_GEO,FU018,TH-31,OK,100.0000000000,1,1
FU018,REG_ISAN20,T1,A_MEMBER_GEO,FU018,TH-32,OK,100.0000000000,1,1
FU018,REG_ISAN20,T1,A_MEMBER_GEO,FU018,TH-33,OK,20.0000000000,1,1
FU018,REG_ISAN20,T1,A_MEMBER_GEO,FU018,TH-34,OK,100.0000000000,1,1
FU018,REG_ISAN20,T1,A_MEMBER_GEO,FU018,TH-35,NO_SIGNAL,0.0000000000,1,1
FU018,REG_ISAN20,T1,A_MEMBER_GEO,FU018,TH-36,OK,100.0000000000,1,1
FU018,REG_ISAN20,T1,A_MEMBER_GEO,FU018,TH-37,NO_SIGNAL,0.0000000000,1,1
FU018,REG_ISAN20,T1,A_MEMBER_GEO,FU018,TH-38,NO_SIGNAL,0.0000000000,1,1
FU018,REG_ISAN20,T1,A_MEMBER_GEO,FU018,TH-39,NO_SIGNAL,0.0000000000,1,1
FU018,REG_ISAN20,T1,A_MEMBER_GEO,FU018,TH-40,OK,100.0000000000,1,1
FU018,REG_ISAN20,T1,A_MEMBER_GEO,FU018,TH-41,OK,100.0000000000,1,1
FU018,REG_ISAN20,T1,A_MEMBER_GEO,FU018,TH-42,NO_SIGNAL,0.0000000000,1,1
FU018,REG_ISAN20,T1,A_MEMBER_GEO,FU018,TH-43,NO_SIGNAL,0.0000000000,1,1
FU018,REG_ISAN20,T1,A_MEMBER_GEO,FU018,TH-44,OK,100.0000000000,1,1
FU018,REG_ISAN20,T1,A_MEMBER_GEO,FU018,TH-45,OK,100.0000000000,1,1
FU018,REG_ISAN20,T1,A_MEMBER_GEO,FU018,TH-46,OK,100.0000000000,1,1
FU018,REG_ISAN20,T1,A_MEMBER_GEO,FU018,TH-47,NO_SIGNAL,0.0000000000,1,1
FU018,REG_ISAN20,T1,A_MEMBER_GEO,FU018,TH-48,NO_SIGNAL,0.0000000000,1,1
FU018,REG_ISAN20,T1,A_MEMBER_GEO,FU018,TH-49,NO_SIGNAL,0.0000000000,1,1
FU018,REG_ISAN20,T1,C_SCOPE,,TH-30+TH-31+TH-32+TH-33+TH-34+TH-35+TH-36+TH-37+TH-38+TH-39+TH-40+TH-41+TH-42+TH-43+TH-44+TH-45+TH-46+TH-47+TH-48+TH-49,OK,17.8500000000,11,20
FU018,REG_ISAN20,T1,D_POST_SA,,REG_ISAN20,OK,91.6379188928,1,1
FU019,REG_ISAN20,T1,A_MEMBER_GEO,FU019,TH-30,OK,22.0000000000,1,1
FU019,REG_ISAN20,T1,A_MEMBER_GEO,FU019,TH-31,NO_SIGNAL,0.0000000000,1,1
FU019,REG_ISAN20,T1,A_MEMBER_GEO,FU019,TH-32,NO_SIGNAL,0.0000000000,1,1
FU019,REG_ISAN20,T1,A_MEMBER_GEO,FU019,TH-33,NO_SIGNAL,0.0000000000,1,1
FU019,REG_ISAN20,T1,A_MEMBER_GEO,FU019,TH-34,NO_SIGNAL,0.0000000000,1,1
FU019,REG_ISAN20,T1,A_MEMBER_GEO,FU019,TH-35,NO_SIGNAL,0.0000000000,1,1
FU019,REG_ISAN20,T1,A_MEMBER_GEO,FU019,TH-36,NO_SIGNAL,0.0000000000,1,1
FU019,REG_ISAN20,T1,A_MEMBER_GEO,FU019,TH-37,NO_SIGNAL,0.0000000000,1,1
FU019,REG_ISAN20,T1,A_MEMBER_GEO,FU019,TH-38,NO_SIGNAL,0.0000000000,1,1
FU019,REG_ISAN20,T1,A_MEMBER_GEO,FU019,TH-39,NO_SIGNAL,0.0000000000,1,1
FU019,REG_ISAN20,T1,A_MEMBER_GEO,FU019,TH-40,OK,28.0000000000,1,1
FU019,REG_ISAN20,T1,A_MEMBER_GEO,FU019,TH-41,NO_SIGNAL,0.0000000000,1,1
FU019,REG_ISAN20,T1,A_MEMBER_GEO,FU019,TH-42,NO_SIGNAL,0.0000000000,1,1
FU019,REG_ISAN20,T1,A_MEMBER_GEO,FU019,TH-43,NO_SIGNAL,0.0000000000,1,1
FU019,REG_ISAN20,T1,A_MEMBER_GEO,FU019,TH-44,NO_SIGNAL,0.0000000000,1,1
FU019,REG_ISAN20,T1,A_MEMBER_GEO,FU019,TH-45,NO_SIGNAL,0.0000000000,1,1
FU019,REG_ISAN20,T1,A_MEMBER_GEO,FU019,TH-46,NO_SIGNAL,0.0000000000,1,1
FU019,REG_ISAN20,T1,A_MEMBER_GEO,FU019,TH-47,NO_SIGNAL,0.0000000000,1,1
FU019,REG_ISAN20,T1,A_MEMBER_GEO,FU019,TH-48,NO_SIGNAL,0.0000000000,1,1
FU019,REG_ISAN20,T1,A_MEMBER_GEO,FU019,TH-49,NO_SIGNAL,0.0000000000,1,1
FU019,REG_ISAN20,T1,C_SCOPE,,TH-30+TH-31+TH-32+TH-33+TH-34+TH-35+TH-36+TH-37+TH-38+TH-39+TH-40+TH-41+TH-42+TH-43+TH-44+TH-45+TH-46+TH-47+TH-48+TH-49,OK,10.0000000000,2,20
FU019,REG_ISAN20,T1,D_POST_SA,,REG_ISAN20,OK,99.5180708613,1,1
FU020,REG_ISAN20,T1,A_MEMBER_GEO,FU020,TH-30,NO_SIGNAL,0.0000000000,1,1
FU020,REG_ISAN20,T1,A_MEMBER_GEO,FU020,TH-31,NO_SIGNAL,0.0000000000,1,1
FU020,REG_ISAN20,T1,A_MEMBER_GEO,FU020,TH-32,NO_SIGNAL,0.0000000000,1,1
FU020,REG_ISAN20,T1,A_MEMBER_GEO,FU020,TH-33,NO_SIGNAL,0.0000000000,1,1
FU020,REG_ISAN20,T1,A_MEMBER_GEO,FU020,TH-34,NO_SIGNAL,0.0000000000,1,1
FU020,REG_ISAN20,T1,A_MEMBER_GEO,FU020,TH-35,NO_SIGNAL,0.0000000000,1,1
FU020,REG_ISAN20,T1,A_MEMBER_GEO,FU020,TH-36,NO_SIGNAL,0.0000000000,1,1
FU020,REG_ISAN20,T1,A_MEMBER_GEO,FU020,TH-37,NO_SIGNAL,0.0000000000,1,1
FU020,REG_ISAN20,T1,A_MEMBER_GEO,FU020,TH-38,NO_SIGNAL,0.0000000000,1,1
FU020,REG_ISAN20,T1,A_MEMBER_GEO,FU020,TH-39,NO_SIGNAL,0.0000000000,1,1
FU020,REG_ISAN20,T1,A_MEMBER_GEO,FU020,TH-40,NO_SIGNAL,0.0000000000,1,1
FU020,REG_ISAN20,T1,A_MEMBER_GEO,FU020,TH-41,NO_SIGNAL,0.0000000000,1,1
FU020,REG_ISAN20,T1,A_MEMBER_GEO,FU020,TH-42,NO_SIGNAL,0.0000000000,1,1
FU020,REG_ISAN20,T1,A_MEMBER_GEO,FU020,TH-43,NO_SIGNAL,0.0000000000,1,1
FU020,REG_ISAN20,T1,A_MEMBER_GEO,FU020,TH-44,NO_SIGNAL,0.0000000000,1,1
FU020,REG_ISAN20,T1,A_MEMBER_GEO,FU020,TH-45,NO_SIGNAL,0.0000000000,1,1
FU020,REG_ISAN20,T1,A_MEMBER_GEO,FU020,TH-46,NO_SIGNAL,0.0000000000,1,1
FU020,REG_ISAN20,T1,A_MEMBER_GEO,FU020,TH-47,NO_SIGNAL,0.0000000000,1,1
FU020,REG_ISAN20,T1,A_MEMBER_GEO,FU020,TH-48,NO_SIGNAL,0.0000000000,1,1
FU020,REG_ISAN20,T1,A_MEMBER_GEO,FU020,TH-49,NO_SIGNAL,0.0000000000,1,1
FU020,REG_ISAN20,T1,C_SCOPE,,TH-30+TH-31+TH-32+TH-33+TH-34+TH-35+TH-36+TH-37+TH-38+TH-39+TH-40+TH-41+TH-42+TH-43+TH-44+TH-45+TH-46+TH-47+TH-48+TH-49,NO_SIGNAL,0.0000000000,0,20
FU020,REG_ISAN20,T1,D_POST_SA,,REG_ISAN20,NO_SIGNAL,0.0000000000,0,1
FU021,REG_ISAN20,T1,A_MEMBER_GEO,FU021,TH-30,NO_SIGNAL,0.0000000000,1,1
FU021,REG_ISAN20,T1,A_MEMBER_GEO,FU021,TH-31,NO_SIGNAL,0.0000000000,1,1
FU021,REG_ISAN20,T1,A_MEMBER_GEO,FU021,TH-32,NO_SIGNAL,0.0000000000,1,1
FU021,REG_ISAN20,T1,A_MEMBER_GEO,FU021,TH-33,NO_SIGNAL,0.0000000000,1,1
FU021,REG_ISAN20,T1,A_MEMBER_GEO,FU021,TH-34,NO_SIGNAL,0.0000000000,1,1
FU021,REG_ISAN20,T1,A_MEMBER_GEO,FU021,TH-35,NO_SIGNAL,0.0000000000,1,1
FU021,REG_ISAN20,T1,A_MEMBER_GEO,FU021,TH-36,NO_SIGNAL,0.0000000000,1,1
FU021,REG_ISAN20,T1,A_MEMBER_GEO,FU021,TH-37,NO_SIGNAL,0.0000000000,1,1
FU021,REG_ISAN20,T1,A_MEMBER_GEO,FU021,TH-38,NO_SIGNAL,0.0000000000,1,1
FU021,REG_ISAN20,T1,A_MEMBER_GEO,FU021,TH-39,NO_SIGNAL,0.0000000000,1,1
FU021,REG_ISAN20,T1,A_MEMBER_GEO,FU021,TH-40,NO_SIGNAL,0.0000000000,1,1
FU021,REG_ISAN20,T1,A_MEMBER_GEO,FU021,TH-41,NO_SIGNAL,0.0000000000,1,1
FU021,REG_ISAN20,T1,A_MEMBER_GEO,FU021,TH-42,NO_SIGNAL,0.0000000000,1,1
FU021,REG_ISAN20,T1,A_MEMBER_GEO,FU021,TH-43,NO_SIGNAL,0.0000000000,1,1
FU021,REG_ISAN20,T1,A_MEMBER_GEO,FU021,TH-44,NO_SIGNAL,0.0000000000,1,1
FU021,REG_ISAN20,T1,A_MEMBER_GEO,FU021,TH-45,NO_SIGNAL,0.0000000000,1,1
FU021,REG_ISAN20,T1,A_MEMBER_GEO,FU021,TH-46,NO_SIGNAL,0.0000000000,1,1
FU021,REG_ISAN20,T1,A_MEMBER_GEO,FU021,TH-47,NO_SIGNAL,0.0000000000,1,1
FU021,REG_ISAN20,T1,A_MEMBER_GEO,FU021,TH-48,NO_SIGNAL,0.0000000000,1,1
FU021,REG_ISAN20,T1,A_MEMBER_GEO,FU021,TH-49,NO_SIGNAL,0.0000000000,1,1
FU021,REG_ISAN20,T1,C_SCOPE,,TH-30+TH-31+TH-32+TH-33+TH-34+TH-35+TH-36+TH-37+TH-38+TH-39+TH-40+TH-41+TH-42+TH-43+TH-44+TH-45+TH-46+TH-47+TH-48+TH-49,NO_SIGNAL,0.0000000000,0,20
FU021,REG_ISAN20,T1,D_POST_SA,,REG_ISAN20,NO_SIGNAL,0.0000000000,0,1
FU022,REG_ISAN20,T1,A_MEMBER_GEO,FU022,TH-30,NO_SIGNAL,0.0000000000,1,1
FU022,REG_ISAN20,T1,A_MEMBER_GEO,FU022,TH-31,NO_SIGNAL,0.0000000000,1,1
FU022,REG_ISAN20,T1,A_MEMBER_GEO,FU022,TH-32,NO_SIGNAL,0.0000000000,1,1
FU022,REG_ISAN20,T1,A_MEMBER_GEO,FU022,TH-33,NO_SIGNAL,0.0000000000,1,1
FU022,REG_ISAN20,T1,A_MEMBER_GEO,FU022,TH-34,NO_SIGNAL,0.0000000000,1,1
FU022,REG_ISAN20,T1,A_MEMBER_GEO,FU022,TH-35,NO_SIGNAL,0.0000000000,1,1
FU022,REG_ISAN20,T1,A_MEMBER_GEO,FU022,TH-36,NO_SIGNAL,0.0000000000,1,1
FU022,REG_ISAN20,T1,A_MEMBER_GEO,FU022,TH-37,NO_SIGNAL,0.0000000000,1,1
FU022,REG_ISAN20,T1,A_MEMBER_GEO,FU022,TH-38,NO_SIGNAL,0.0000000000,1,1
FU022,REG_ISAN20,T1,A_MEMBER_GEO,FU022,TH-39,NO_SIGNAL,0.0000000000,1,1
FU022,REG_ISAN20,T1,A_MEMBER_GEO,FU022,TH-40,NO_SIGNAL,0.0000000000,1,1
FU022,REG_ISAN20,T1,A_MEMBER_GEO,FU022,TH-41,NO_SIGNAL,0.0000000000,1,1
FU022,REG_ISAN20,T1,A_MEMBER_GEO,FU022,TH-42,NO_SIGNAL,0.0000000000,1,1
FU022,REG_ISAN20,T1,A_MEMBER_GEO,FU022,TH-43,NO_SIGNAL,0.0000000000,1,1
FU022,REG_ISAN20,T1,A_MEMBER_GEO,FU022,TH-44,NO_SIGNAL,0.0000000000,1,1
FU022,REG_ISAN20,T1,A_MEMBER_GEO,FU022,TH-45,NO_SIGNAL,0.0000000000,1,1
FU022,REG_ISAN20,T1,A_MEMBER_GEO,FU022,TH-46,NO_SIGNAL,0.0000000000,1,1
FU022,REG_ISAN20,T1,A_MEMBER_GEO,FU022,TH-47,NO_SIGNAL,0.0000000000,1,1
FU022,REG_ISAN20,T1,A_MEMBER_GEO,FU022,TH-48,NO_SIGNAL,0.0000000000,1,1
FU022,REG_ISAN20,T1,A_MEMBER_GEO,FU022,TH-49,NO_SIGNAL,0.0000000000,1,1
FU022,REG_ISAN20,T1,C_SCOPE,,TH-30+TH-31+TH-32+TH-33+TH-34+TH-35+TH-36+TH-37+TH-38+TH-39+TH-40+TH-41+TH-42+TH-43+TH-44+TH-45+TH-46+TH-47+TH-48+TH-49,NO_SIGNAL,0.0000000000,0,20
FU022,REG_ISAN20,T1,D_POST_SA,,REG_ISAN20,NO_SIGNAL,0.0000000000,0,1
FU023,REG_ISAN20,T1,A_MEMBER_GEO,FU023,TH-30,OK,100.0000000000,1,1
FU023,REG_ISAN20,T1,A_MEMBER_GEO,FU023,TH-31,OK,100.0000000000,1,1
FU023,REG_ISAN20,T1,A_MEMBER_GEO,FU023,TH-32,OK,100.0000000000,1,1
FU023,REG_ISAN20,T1,A_MEMBER_GEO,FU023,TH-33,OK,100.0000000000,1,1
FU023,REG_ISAN20,T1,A_MEMBER_GEO,FU023,TH-34,OK,100.0000000000,1,1
FU023,REG_ISAN20,T1,A_MEMBER_GEO,FU023,TH-35,OK,100.0000000000,1,1
FU023,REG_ISAN20,T1,A_MEMBER_GEO,FU023,TH-36,OK,100.0000000000,1,1
FU023,REG_ISAN20,T1,A_MEMBER_GEO,FU023,TH-37,OK,33.0000000000,1,1
FU023,REG_ISAN20,T1,A_MEMBER_GEO,FU023,TH-38,NO_SIGNAL,0.0000000000,1,1
FU023,REG_ISAN20,T1,A_MEMBER_GEO,FU023,TH-39,OK,16.0000000000,1,1
FU023,REG_ISAN20,T1,A_MEMBER_GEO,FU023,TH-40,OK,97.0000000000,1,1
FU023,REG_ISAN20,T1,A_MEMBER_GEO,FU023,TH-41,OK,100.0000000000,1,1
FU023,REG_ISAN20,T1,A_MEMBER_GEO,FU023,TH-42,OK,100.0000000000,1,1
FU023,REG_ISAN20,T1,A_MEMBER_GEO,FU023,TH-43,OK,100.0000000000,1,1
FU023,REG_ISAN20,T1,A_MEMBER_GEO,FU023,TH-44,OK,100.0000000000,1,1
FU023,REG_ISAN20,T1,A_MEMBER_GEO,FU023,TH-45,OK,100.0000000000,1,1
FU023,REG_ISAN20,T1,A_MEMBER_GEO,FU023,TH-46,OK,100.0000000000,1,1
FU023,REG_ISAN20,T1,A_MEMBER_GEO,FU023,TH-47,OK,100.0000000000,1,1
FU023,REG_ISAN20,T1,A_MEMBER_GEO,FU023,TH-48,OK,100.0000000000,1,1
FU023,REG_ISAN20,T1,A_MEMBER_GEO,FU023,TH-49,OK,100.0000000000,1,1
FU023,REG_ISAN20,T1,C_SCOPE,,TH-30+TH-31+TH-32+TH-33+TH-34+TH-35+TH-36+TH-37+TH-38+TH-39+TH-40+TH-41+TH-42+TH-43+TH-44+TH-45+TH-46+TH-47+TH-48+TH-49,OK,42.9000000000,19,20
FU023,REG_ISAN20,T1,D_POST_SA,,REG_ISAN20,OK,95.0980488556,1,1
FU024,REG_ISAN20,T1,A_MEMBER_GEO,FU024,TH-30,OK,100.0000000000,1,1
FU024,REG_ISAN20,T1,A_MEMBER_GEO,FU024,TH-31,NO_SIGNAL,0.0000000000,1,1
FU024,REG_ISAN20,T1,A_MEMBER_GEO,FU024,TH-32,OK,100.0000000000,1,1
FU024,REG_ISAN20,T1,A_MEMBER_GEO,FU024,TH-33,OK,100.0000000000,1,1
FU024,REG_ISAN20,T1,A_MEMBER_GEO,FU024,TH-34,OK,100.0000000000,1,1
FU024,REG_ISAN20,T1,A_MEMBER_GEO,FU024,TH-35,NO_SIGNAL,0.0000000000,1,1
FU024,REG_ISAN20,T1,A_MEMBER_GEO,FU024,TH-36,NO_SIGNAL,0.0000000000,1,1
FU024,REG_ISAN20,T1,A_MEMBER_GEO,FU024,TH-37,NO_SIGNAL,0.0000000000,1,1
FU024,REG_ISAN20,T1,A_MEMBER_GEO,FU024,TH-38,NO_SIGNAL,0.0000000000,1,1
FU024,REG_ISAN20,T1,A_MEMBER_GEO,FU024,TH-39,NO_SIGNAL,0.0000000000,1,1
FU024,REG_ISAN20,T1,A_MEMBER_GEO,FU024,TH-40,OK,100.0000000000,1,1
FU024,REG_ISAN20,T1,A_MEMBER_GEO,FU024,TH-41,OK,18.0000000000,1,1
FU024,REG_ISAN20,T1,A_MEMBER_GEO,FU024,TH-42,OK,100.0000000000,1,1
FU024,REG_ISAN20,T1,A_MEMBER_GEO,FU024,TH-43,NO_SIGNAL,0.0000000000,1,1
FU024,REG_ISAN20,T1,A_MEMBER_GEO,FU024,TH-44,NO_SIGNAL,0.0000000000,1,1
FU024,REG_ISAN20,T1,A_MEMBER_GEO,FU024,TH-45,NO_SIGNAL,0.0000000000,1,1
FU024,REG_ISAN20,T1,A_MEMBER_GEO,FU024,TH-46,NO_SIGNAL,0.0000000000,1,1
FU024,REG_ISAN20,T1,A_MEMBER_GEO,FU024,TH-47,OK,100.0000000000,1,1
FU024,REG_ISAN20,T1,A_MEMBER_GEO,FU024,TH-48,NO_SIGNAL,0.0000000000,1,1
FU024,REG_ISAN20,T1,A_MEMBER_GEO,FU024,TH-49,NO_SIGNAL,0.0000000000,1,1
FU024,REG_ISAN20,T1,C_SCOPE,,TH-30+TH-31+TH-32+TH-33+TH-34+TH-35+TH-36+TH-37+TH-38+TH-39+TH-40+TH-41+TH-42+TH-43+TH-44+TH-45+TH-46+TH-47+TH-48+TH-49,OK,12.4000000000,8,20
FU024,REG_ISAN20,T1,D_POST_SA,,REG_ISAN20,OK,97.4114643703,1,1
FU025,REG_ISAN20,T1,A_MEMBER_GEO,FU025,TH-30,OK,100.0000000000,1,1
FU025,REG_ISAN20,T1,A_MEMBER_GEO,FU025,TH-31,OK,100.0000000000,1,1
FU025,REG_ISAN20,T1,A_MEMBER_GEO,FU025,TH-32,OK,100.0000000000,1,1
FU025,REG_ISAN20,T1,A_MEMBER_GEO,FU025,TH-33,OK,18.0000000000,1,1
FU025,REG_ISAN20,T1,A_MEMBER_GEO,FU025,TH-34,OK,100.0000000000,1,1
FU025,REG_ISAN20,T1,A_MEMBER_GEO,FU025,TH-35,NO_SIGNAL,0.0000000000,1,1
FU025,REG_ISAN20,T1,A_MEMBER_GEO,FU025,TH-36,NO_SIGNAL,0.0000000000,1,1
FU025,REG_ISAN20,T1,A_MEMBER_GEO,FU025,TH-37,NO_SIGNAL,0.0000000000,1,1
FU025,REG_ISAN20,T1,A_MEMBER_GEO,FU025,TH-38,NO_SIGNAL,0.0000000000,1,1
FU025,REG_ISAN20,T1,A_MEMBER_GEO,FU025,TH-39,NO_SIGNAL,0.0000000000,1,1
FU025,REG_ISAN20,T1,A_MEMBER_GEO,FU025,TH-40,OK,100.0000000000,1,1
FU025,REG_ISAN20,T1,A_MEMBER_GEO,FU025,TH-41,OK,100.0000000000,1,1
FU025,REG_ISAN20,T1,A_MEMBER_GEO,FU025,TH-42,OK,100.0000000000,1,1
FU025,REG_ISAN20,T1,A_MEMBER_GEO,FU025,TH-43,NO_SIGNAL,0.0000000000,1,1
FU025,REG_ISAN20,T1,A_MEMBER_GEO,FU025,TH-44,OK,100.0000000000,1,1
FU025,REG_ISAN20,T1,A_MEMBER_GEO,FU025,TH-45,OK,100.0000000000,1,1
FU025,REG_ISAN20,T1,A_MEMBER_GEO,FU025,TH-46,OK,25.0000000000,1,1
FU025,REG_ISAN20,T1,A_MEMBER_GEO,FU025,TH-47,OK,17.0000000000,1,1
FU025,REG_ISAN20,T1,A_MEMBER_GEO,FU025,TH-48,NO_SIGNAL,0.0000000000,1,1
FU025,REG_ISAN20,T1,A_MEMBER_GEO,FU025,TH-49,OK,100.0000000000,1,1
FU025,REG_ISAN20,T1,C_SCOPE,,TH-30+TH-31+TH-32+TH-33+TH-34+TH-35+TH-36+TH-37+TH-38+TH-39+TH-40+TH-41+TH-42+TH-43+TH-44+TH-45+TH-46+TH-47+TH-48+TH-49,OK,27.3500000000,13,20
FU025,REG_ISAN20,T1,D_POST_SA,,REG_ISAN20,OK,93.2264378532,1,1
FU026,REG_ISAN20,T1,A_MEMBER_GEO,FU026,TH-30,NO_SIGNAL,0.0000000000,1,1
FU026,REG_ISAN20,T1,A_MEMBER_GEO,FU026,TH-31,NO_SIGNAL,0.0000000000,1,1
FU026,REG_ISAN20,T1,A_MEMBER_GEO,FU026,TH-32,NO_SIGNAL,0.0000000000,1,1
FU026,REG_ISAN20,T1,A_MEMBER_GEO,FU026,TH-33,NO_SIGNAL,0.0000000000,1,1
FU026,REG_ISAN20,T1,A_MEMBER_GEO,FU026,TH-34,NO_SIGNAL,0.0000000000,1,1
FU026,REG_ISAN20,T1,A_MEMBER_GEO,FU026,TH-35,NO_SIGNAL,0.0000000000,1,1
FU026,REG_ISAN20,T1,A_MEMBER_GEO,FU026,TH-36,NO_SIGNAL,0.0000000000,1,1
FU026,REG_ISAN20,T1,A_MEMBER_GEO,FU026,TH-37,NO_SIGNAL,0.0000000000,1,1
FU026,REG_ISAN20,T1,A_MEMBER_GEO,FU026,TH-38,NO_SIGNAL,0.0000000000,1,1
FU026,REG_ISAN20,T1,A_MEMBER_GEO,FU026,TH-39,NO_SIGNAL,0.0000000000,1,1
FU026,REG_ISAN20,T1,A_MEMBER_GEO,FU026,TH-40,NO_SIGNAL,0.0000000000,1,1
FU026,REG_ISAN20,T1,A_MEMBER_GEO,FU026,TH-41,NO_SIGNAL,0.0000000000,1,1
FU026,REG_ISAN20,T1,A_MEMBER_GEO,FU026,TH-42,NO_SIGNAL,0.0000000000,1,1
FU026,REG_ISAN20,T1,A_MEMBER_GEO,FU026,TH-43,NO_SIGNAL,0.0000000000,1,1
FU026,REG_ISAN20,T1,A_MEMBER_GEO,FU026,TH-44,NO_SIGNAL,0.0000000000,1,1
FU026,REG_ISAN20,T1,A_MEMBER_GEO,FU026,TH-45,NO_SIGNAL,0.0000000000,1,1
FU026,REG_ISAN20,T1,A_MEMBER_GEO,FU026,TH-46,NO_SIGNAL,0.0000000000,1,1
FU026,REG_ISAN20,T1,A_MEMBER_GEO,FU026,TH-47,NO_SIGNAL,0.0000000000,1,1
FU026,REG_ISAN20,T1,A_MEMBER_GEO,FU026,TH-48,NO_SIGNAL,0.0000000000,1,1
FU026,REG_ISAN20,T1,A_MEMBER_GEO,FU026,TH-49,NO_SIGNAL,0.0000000000,1,1
FU026,REG_ISAN20,T1,C_SCOPE,,TH-30+TH-31+TH-32+TH-33+TH-34+TH-35+TH-36+TH-37+TH-38+TH-39+TH-40+TH-41+TH-42+TH-43+TH-44+TH-45+TH-46+TH-47+TH-48+TH-49,NO_SIGNAL,0.0000000000,0,20
FU026,REG_ISAN20,T1,D_POST_SA,,REG_ISAN20,NO_SIGNAL,0.0000000000,0,1
FU027,REG_ISAN20,T1,A_MEMBER_GEO,FU027,TH-30,OK,100.0000000000,1,1
FU027,REG_ISAN20,T1,A_MEMBER_GEO,FU027,TH-31,NO_SIGNAL,0.0000000000,1,1
FU027,REG_ISAN20,T1,A_MEMBER_GEO,FU027,TH-32,NO_SIGNAL,0.0000000000,1,1
FU027,REG_ISAN20,T1,A_MEMBER_GEO,FU027,TH-33,NO_SIGNAL,0.0000000000,1,1
FU027,REG_ISAN20,T1,A_MEMBER_GEO,FU027,TH-34,OK,100.0000000000,1,1
FU027,REG_ISAN20,T1,A_MEMBER_GEO,FU027,TH-35,NO_SIGNAL,0.0000000000,1,1
FU027,REG_ISAN20,T1,A_MEMBER_GEO,FU027,TH-36,OK,22.0000000000,1,1
FU027,REG_ISAN20,T1,A_MEMBER_GEO,FU027,TH-37,NO_SIGNAL,0.0000000000,1,1
FU027,REG_ISAN20,T1,A_MEMBER_GEO,FU027,TH-38,NO_SIGNAL,0.0000000000,1,1
FU027,REG_ISAN20,T1,A_MEMBER_GEO,FU027,TH-39,NO_SIGNAL,0.0000000000,1,1
FU027,REG_ISAN20,T1,A_MEMBER_GEO,FU027,TH-40,OK,100.0000000000,1,1
FU027,REG_ISAN20,T1,A_MEMBER_GEO,FU027,TH-41,OK,35.0000000000,1,1
FU027,REG_ISAN20,T1,A_MEMBER_GEO,FU027,TH-42,NO_SIGNAL,0.0000000000,1,1
FU027,REG_ISAN20,T1,A_MEMBER_GEO,FU027,TH-43,NO_SIGNAL,0.0000000000,1,1
FU027,REG_ISAN20,T1,A_MEMBER_GEO,FU027,TH-44,NO_SIGNAL,0.0000000000,1,1
FU027,REG_ISAN20,T1,A_MEMBER_GEO,FU027,TH-45,OK,27.0000000000,1,1
FU027,REG_ISAN20,T1,A_MEMBER_GEO,FU027,TH-46,NO_SIGNAL,0.0000000000,1,1
FU027,REG_ISAN20,T1,A_MEMBER_GEO,FU027,TH-47,NO_SIGNAL,0.0000000000,1,1
FU027,REG_ISAN20,T1,A_MEMBER_GEO,FU027,TH-48,NO_SIGNAL,0.0000000000,1,1
FU027,REG_ISAN20,T1,A_MEMBER_GEO,FU027,TH-49,NO_SIGNAL,0.0000000000,1,1
FU027,REG_ISAN20,T1,C_SCOPE,,TH-30+TH-31+TH-32+TH-33+TH-34+TH-35+TH-36+TH-37+TH-38+TH-39+TH-40+TH-41+TH-42+TH-43+TH-44+TH-45+TH-46+TH-47+TH-48+TH-49,OK,16.2500000000,6,20
FU027,REG_ISAN20,T1,D_POST_SA,,REG_ISAN20,OK,97.6445168652,1,1
TP005,REG_ISAN20,T1,A_MEMBER_GEO,TP005,TH-30,OK,100.0000000000,1,1
TP005,REG_ISAN20,T1,A_MEMBER_GEO,TP005,TH-31,OK,100.0000000000,1,1
TP005,REG_ISAN20,T1,A_MEMBER_GEO,TP005,TH-32,OK,100.0000000000,1,1
TP005,REG_ISAN20,T1,A_MEMBER_GEO,TP005,TH-33,OK,100.0000000000,1,1
TP005,REG_ISAN20,T1,A_MEMBER_GEO,TP005,TH-34,OK,100.0000000000,1,1
TP005,REG_ISAN20,T1,A_MEMBER_GEO,TP005,TH-35,OK,100.0000000000,1,1
TP005,REG_ISAN20,T1,A_MEMBER_GEO,TP005,TH-36,OK,100.0000000000,1,1
TP005,REG_ISAN20,T1,A_MEMBER_GEO,TP005,TH-37,OK,100.0000000000,1,1
TP005,REG_ISAN20,T1,A_MEMBER_GEO,TP005,TH-38,OK,100.0000000000,1,1
TP005,REG_ISAN20,T1,A_MEMBER_GEO,TP005,TH-39,OK,100.0000000000,1,1
TP005,REG_ISAN20,T1,A_MEMBER_GEO,TP005,TH-40,OK,100.0000000000,1,1
TP005,REG_ISAN20,T1,A_MEMBER_GEO,TP005,TH-41,OK,100.0000000000,1,1
TP005,REG_ISAN20,T1,A_MEMBER_GEO,TP005,TH-42,OK,100.0000000000,1,1
TP005,REG_ISAN20,T1,A_MEMBER_GEO,TP005,TH-43,OK,100.0000000000,1,1
TP005,REG_ISAN20,T1,A_MEMBER_GEO,TP005,TH-44,OK,100.0000000000,1,1
TP005,REG_ISAN20,T1,A_MEMBER_GEO,TP005,TH-45,OK,100.0000000000,1,1
TP005,REG_ISAN20,T1,A_MEMBER_GEO,TP005,TH-46,OK,100.0000000000,1,1
TP005,REG_ISAN20,T1,A_MEMBER_GEO,TP005,TH-47,OK,100.0000000000,1,1
TP005,REG_ISAN20,T1,A_MEMBER_GEO,TP005,TH-48,OK,100.0000000000,1,1
TP005,REG_ISAN20,T1,A_MEMBER_GEO,TP005,TH-49,OK,100.0000000000,1,1
TP005,REG_ISAN20,T1,C_SCOPE,,TH-30+TH-31+TH-32+TH-33+TH-34+TH-35+TH-36+TH-37+TH-38+TH-39+TH-40+TH-41+TH-42+TH-43+TH-44+TH-45+TH-46+TH-47+TH-48+TH-49,OK,87.6000000000,20,20
TP005,REG_ISAN20,T1,D_POST_SA,,REG_ISAN20,OK,100.8471918234,1,1
TP006,REG_ISAN20,T1,A_MEMBER_GEO,TP006,TH-30,OK,100.0000000000,1,1
TP006,REG_ISAN20,T1,A_MEMBER_GEO,TP006,TH-31,OK,100.0000000000,1,1
TP006,REG_ISAN20,T1,A_MEMBER_GEO,TP006,TH-32,OK,100.0000000000,1,1
TP006,REG_ISAN20,T1,A_MEMBER_GEO,TP006,TH-33,OK,72.0000000000,1,1
TP006,REG_ISAN20,T1,A_MEMBER_GEO,TP006,TH-34,OK,100.0000000000,1,1
TP006,REG_ISAN20,T1,A_MEMBER_GEO,TP006,TH-35,OK,100.0000000000,1,1
TP006,REG_ISAN20,T1,A_MEMBER_GEO,TP006,TH-36,OK,100.0000000000,1,1
TP006,REG_ISAN20,T1,A_MEMBER_GEO,TP006,TH-37,OK,100.0000000000,1,1
TP006,REG_ISAN20,T1,A_MEMBER_GEO,TP006,TH-38,OK,100.0000000000,1,1
TP006,REG_ISAN20,T1,A_MEMBER_GEO,TP006,TH-39,OK,100.0000000000,1,1
TP006,REG_ISAN20,T1,A_MEMBER_GEO,TP006,TH-40,OK,100.0000000000,1,1
TP006,REG_ISAN20,T1,A_MEMBER_GEO,TP006,TH-41,OK,100.0000000000,1,1
TP006,REG_ISAN20,T1,A_MEMBER_GEO,TP006,TH-42,OK,55.0000000000,1,1
TP006,REG_ISAN20,T1,A_MEMBER_GEO,TP006,TH-43,OK,100.0000000000,1,1
TP006,REG_ISAN20,T1,A_MEMBER_GEO,TP006,TH-44,OK,100.0000000000,1,1
TP006,REG_ISAN20,T1,A_MEMBER_GEO,TP006,TH-45,OK,100.0000000000,1,1
TP006,REG_ISAN20,T1,A_MEMBER_GEO,TP006,TH-46,OK,100.0000000000,1,1
TP006,REG_ISAN20,T1,A_MEMBER_GEO,TP006,TH-47,OK,63.0000000000,1,1
TP006,REG_ISAN20,T1,A_MEMBER_GEO,TP006,TH-48,OK,100.0000000000,1,1
TP006,REG_ISAN20,T1,A_MEMBER_GEO,TP006,TH-49,OK,100.0000000000,1,1
TP006,REG_ISAN20,T1,C_SCOPE,,TH-30+TH-31+TH-32+TH-33+TH-34+TH-35+TH-36+TH-37+TH-38+TH-39+TH-40+TH-41+TH-42+TH-43+TH-44+TH-45+TH-46+TH-47+TH-48+TH-49,OK,44.4000000000,20,20
TP006,REG_ISAN20,T1,D_POST_SA,,REG_ISAN20,OK,101.6222564528,1,1
TU006,REG_ISAN20,T1,A_MEMBER_GEO,TU006,TH-30,OK,93.0000000000,1,1
TU006,REG_ISAN20,T1,A_MEMBER_GEO,TU006,TH-31,OK,100.0000000000,1,1
TU006,REG_ISAN20,T1,A_MEMBER_GEO,TU006,TH-32,OK,17.0000000000,1,1
TU006,REG_ISAN20,T1,A_MEMBER_GEO,TU006,TH-33,NO_SIGNAL,0.0000000000,1,1
TU006,REG_ISAN20,T1,A_MEMBER_GEO,TU006,TH-34,OK,100.0000000000,1,1
TU006,REG_ISAN20,T1,A_MEMBER_GEO,TU006,TH-35,NO_SIGNAL,0.0000000000,1,1
TU006,REG_ISAN20,T1,A_MEMBER_GEO,TU006,TH-36,NO_SIGNAL,0.0000000000,1,1
TU006,REG_ISAN20,T1,A_MEMBER_GEO,TU006,TH-37,NO_SIGNAL,0.0000000000,1,1
TU006,REG_ISAN20,T1,A_MEMBER_GEO,TU006,TH-38,NO_SIGNAL,0.0000000000,1,1
TU006,REG_ISAN20,T1,A_MEMBER_GEO,TU006,TH-39,NO_SIGNAL,0.0000000000,1,1
TU006,REG_ISAN20,T1,A_MEMBER_GEO,TU006,TH-40,OK,100.0000000000,1,1
TU006,REG_ISAN20,T1,A_MEMBER_GEO,TU006,TH-41,OK,100.0000000000,1,1
TU006,REG_ISAN20,T1,A_MEMBER_GEO,TU006,TH-42,OK,100.0000000000,1,1
TU006,REG_ISAN20,T1,A_MEMBER_GEO,TU006,TH-43,NO_SIGNAL,0.0000000000,1,1
TU006,REG_ISAN20,T1,A_MEMBER_GEO,TU006,TH-44,OK,27.0000000000,1,1
TU006,REG_ISAN20,T1,A_MEMBER_GEO,TU006,TH-45,OK,100.0000000000,1,1
TU006,REG_ISAN20,T1,A_MEMBER_GEO,TU006,TH-46,OK,100.0000000000,1,1
TU006,REG_ISAN20,T1,A_MEMBER_GEO,TU006,TH-47,OK,23.0000000000,1,1
TU006,REG_ISAN20,T1,A_MEMBER_GEO,TU006,TH-48,OK,100.0000000000,1,1
TU006,REG_ISAN20,T1,A_MEMBER_GEO,TU006,TH-49,NO_SIGNAL,0.0000000000,1,1
TU006,REG_ISAN20,T1,C_SCOPE,,TH-30+TH-31+TH-32+TH-33+TH-34+TH-35+TH-36+TH-37+TH-38+TH-39+TH-40+TH-41+TH-42+TH-43+TH-44+TH-45+TH-46+TH-47+TH-48+TH-49,OK,31.8161290323,12,20
TU006,REG_ISAN20,T1,D_POST_SA,,REG_ISAN20,OK,97.2158647018,1,1
